id,url,type,alt,caption,width,height,placements,classification,decision,local,bytes,download
"2575","https://monirgroupbd.com/wp-content/uploads/2025/11/cropped-Monir-Group-logo-1.png","image/png","","<p>https://monirgroupbd.com/wp-content/uploads/2025/11/cropped-Monir-Group-logo-1.png</p>
","1260","257","","A","brand/person candidate; owner approval required","audit/media-originals/cropped-Monir-Group-logo-1.png","49558","ok"
"2557","https://monirgroupbd.com/wp-content/uploads/2026/09/MD.-Robiul-Hasan-Monir​.jpeg","image/jpeg","","","898","1134","/","A","brand/person candidate; owner approval required","audit/media-originals/MD.-Robiul-Hasan-Monir​.jpeg","553019","ok"
"2556","https://monirgroupbd.com/wp-content/uploads/2026/09/Md-Monsur-Ahmed.jpeg","image/jpeg","","","898","1134","","A","brand/person candidate; owner approval required","audit/media-originals/Md-Monsur-Ahmed.jpeg","459768","ok"
"2552","https://monirgroupbd.com/wp-content/uploads/2026/09/WhatsApp-Image-2026-08-25-at-11.19.34-PM.jpeg","image/jpeg","","","1254","1254","/ | /sister-concerns/","B","generic or unverified; hold from design","audit/media-originals/WhatsApp-Image-2026-08-25-at-11.19.34-PM.jpeg","144858","ok"
"2542","https://monirgroupbd.com/wp-content/uploads/2026/01/Monir-Export-Import-Trading-LTD.png","image/png","","","1024","1024","/ | /sister-concerns/","B","generic or unverified; hold from design","audit/media-originals/Monir-Export-Import-Trading-LTD.png","431818","ok"
"2529","https://monirgroupbd.com/wp-content/uploads/2025/11/Untitled-design-38.png","image/png","","","900","1024","/monir-poultry-feed-industries-limited/","B","generic or unverified; hold from design","audit/media-originals/Untitled-design-38.png","650224","ok"
"2527","https://monirgroupbd.com/wp-content/uploads/2025/11/Untitled-design-37.png","image/png","","","900","1024","/monir-poultry-feed-industries-limited/","B","generic or unverified; hold from design","audit/media-originals/Untitled-design-37.png","659780","ok"
"2526","https://monirgroupbd.com/wp-content/uploads/2025/11/Untitled-design-36.png","image/png","","","900","1024","/monir-poultry-feed-industries-limited/","B","generic or unverified; hold from design","audit/media-originals/Untitled-design-36.png","659699","ok"
"2525","https://monirgroupbd.com/wp-content/uploads/2025/11/Untitled-design-35.png","image/png","","","900","1024","/monir-poultry-feed-industries-limited/","B","generic or unverified; hold from design","audit/media-originals/Untitled-design-35.png","609001","ok"
"2524","https://monirgroupbd.com/wp-content/uploads/2025/11/Untitled-design-33.png","image/png","","","900","1024","/monir-poultry-feed-industries-limited/","B","generic or unverified; hold from design","audit/media-originals/Untitled-design-33.png","664719","ok"
"2523","https://monirgroupbd.com/wp-content/uploads/2025/11/Untitled-design-32.png","image/png","","","900","1024","/monir-poultry-feed-industries-limited/","B","generic or unverified; hold from design","audit/media-originals/Untitled-design-32.png","640739","ok"
"2522","https://monirgroupbd.com/wp-content/uploads/2025/11/Untitled-design-31.png","image/png","","","900","1024","/monir-poultry-feed-industries-limited/","B","generic or unverified; hold from design","audit/media-originals/Untitled-design-31.png","699363","ok"
"2521","https://monirgroupbd.com/wp-content/uploads/2025/11/Untitled-design-30.png","image/png","","","900","1024","/monir-poultry-feed-industries-limited/","B","generic or unverified; hold from design","audit/media-originals/Untitled-design-30.png","661627","ok"
"2520","https://monirgroupbd.com/wp-content/uploads/2025/11/Untitled-design-29.png","image/png","","","900","1024","/monir-poultry-feed-industries-limited/","B","generic or unverified; hold from design","audit/media-originals/Untitled-design-29.png","728732","ok"
"2519","https://monirgroupbd.com/wp-content/uploads/2025/11/Untitled-design-28.png","image/png","","","900","1024","/monir-poultry-feed-industries-limited/","B","generic or unverified; hold from design","audit/media-originals/Untitled-design-28.png","768511","ok"
"2518","https://monirgroupbd.com/wp-content/uploads/2025/11/Untitled-design-27.png","image/png","","","900","1024","/monir-poultry-feed-industries-limited/","B","generic or unverified; hold from design","audit/media-originals/Untitled-design-27.png","721994","ok"
"2517","https://monirgroupbd.com/wp-content/uploads/2025/11/Untitled-design-26.png","image/png","","","900","1024","/monir-poultry-feed-industries-limited/","B","generic or unverified; hold from design","audit/media-originals/Untitled-design-26.png","749603","ok"
"2516","https://monirgroupbd.com/wp-content/uploads/2025/11/Untitled-design-25.png","image/png","","","900","1024","/monir-poultry-feed-industries-limited/","B","generic or unverified; hold from design","audit/media-originals/Untitled-design-25.png","768295","ok"
"2515","https://monirgroupbd.com/wp-content/uploads/2025/11/Untitled-design-34.png","image/png","","","900","1024","/monir-poultry-feed-industries-limited/","B","generic or unverified; hold from design","audit/media-originals/Untitled-design-34.png","610298","ok"
"2514","https://monirgroupbd.com/wp-content/uploads/2025/11/Untitled-design-24.png","image/png","","","900","1024","/monir-poultry-feed-industries-limited/","B","generic or unverified; hold from design","audit/media-originals/Untitled-design-24.png","897512","ok"
"2513","https://monirgroupbd.com/wp-content/uploads/2025/11/Untitled-design-40.png","image/png","","","900","1024","/monir-poultry-feed-industries-limited/","B","generic or unverified; hold from design","audit/media-originals/Untitled-design-40.png","738318","ok"
"2503","https://monirgroupbd.com/wp-content/uploads/2025/11/Website-Cover-min-scaled.jpg","image/jpeg","","","2560","818","","B","generic or unverified; hold from design","audit/media-originals/Website-Cover-min-scaled.jpg","291099","ok"
"2501","https://monirgroupbd.com/wp-content/uploads/2025/11/700.png","image/png","","","1857","700","","B","generic or unverified; hold from design","audit/media-originals/700.png","2846010","ok"
"2494","https://monirgroupbd.com/wp-content/uploads/2025/11/part-3.png","image/png","","","1857","836","","B","generic or unverified; hold from design","audit/media-originals/part-3.png","3248885","ok"
"2492","https://monirgroupbd.com/wp-content/uploads/2025/11/12-7.png","image/png","","","1857","836","","B","generic or unverified; hold from design","audit/media-originals/12-7.png","3277092","ok"
"2490","https://monirgroupbd.com/wp-content/uploads/2025/11/Monir-Group-Banner-1920-x-1080-px-1857-x-836-px.png","image/png","","","1857","836","","B","generic or unverified; hold from design","audit/media-originals/Monir-Group-Banner-1920-x-1080-px-1857-x-836-px.png","3320700","ok"
"2489","https://monirgroupbd.com/wp-content/uploads/2025/11/7-min.png","image/png","","","1857","836","","B","generic or unverified; hold from design","audit/media-originals/7-min.png","831795","ok"
"2488","https://monirgroupbd.com/wp-content/uploads/2025/11/6-min.png","image/png","","","1857","836","","B","generic or unverified; hold from design","audit/media-originals/6-min.png","677450","ok"
"2487","https://monirgroupbd.com/wp-content/uploads/2025/11/5-min.png","image/png","","","1857","836","","B","generic or unverified; hold from design","audit/media-originals/5-min.png","793805","ok"
"2486","https://monirgroupbd.com/wp-content/uploads/2025/11/4-min.png","image/png","","","1857","836","","B","generic or unverified; hold from design","audit/media-originals/4-min.png","636142","ok"
"2485","https://monirgroupbd.com/wp-content/uploads/2025/11/3-min.png","image/png","","","1857","836","","B","generic or unverified; hold from design","audit/media-originals/3-min.png","722573","ok"
"2484","https://monirgroupbd.com/wp-content/uploads/2025/11/2-min.png","image/png","","","1857","836","","B","generic or unverified; hold from design","audit/media-originals/2-min.png","638905","ok"
"2483","https://monirgroupbd.com/wp-content/uploads/2025/11/1-min.png","image/png","","","1857","836","","B","generic or unverified; hold from design","audit/media-originals/1-min.png","647167","ok"
"2474","https://monirgroupbd.com/wp-content/uploads/2025/11/1-1.png","image/png","","","1069","1513","","B","generic or unverified; hold from design","audit/media-originals/1-1.png","274122","ok"
"2472","https://monirgroupbd.com/wp-content/uploads/2025/11/3.png","image/png","","","2000","2000","","B","generic or unverified; hold from design","audit/media-originals/3.png","5857022","ok"
"2471","https://monirgroupbd.com/wp-content/uploads/2025/11/2.png","image/png","","","2000","2000","","B","generic or unverified; hold from design","audit/media-originals/2.png","6028717","ok"
"2470","https://monirgroupbd.com/wp-content/uploads/2025/11/1.png","image/png","","","2000","2000","","B","generic or unverified; hold from design","audit/media-originals/1.png","2890675","ok"
"2469","https://monirgroupbd.com/wp-content/uploads/2025/11/6.png","image/png","","","2000","2000","","B","generic or unverified; hold from design","audit/media-originals/6.png","2589464","ok"
"2468","https://monirgroupbd.com/wp-content/uploads/2025/11/5.png","image/png","","","2000","2000","","B","generic or unverified; hold from design","audit/media-originals/5.png","3707319","ok"
"2467","https://monirgroupbd.com/wp-content/uploads/2025/11/4.png","image/png","","","2000","2000","","B","generic or unverified; hold from design","audit/media-originals/4.png","4329177","ok"
"2465","https://monirgroupbd.com/wp-content/uploads/2025/11/cropped-Monir-Group-logo.png","image/png","","<p>https://monirgroupbd.com/wp-content/uploads/2025/11/cropped-Monir-Group-logo.png</p>
","512","512","","A","used in owner-only review; reuse permission pending","public/media/monir-group/cropped-Monir-Group-logo.png","36086","ok"
"2464","https://monirgroupbd.com/wp-content/uploads/2025/11/Monir-Group-logo.png","image/png","","","3147","643","/ | /sister-concerns/ | /products/ | /contact/ | /monir-poultry-feed-industries-limited/ | /home-2/ | /home-3/ | /contact-2/ | /contact-us/ | /about-us/ | /our-services/ | /shop-2/ | /my-account/ | /checkout/ | /cart/ | /shop/ | /sample-page/ | /service-3/ | /services/planet-earth-safety/ | /services/organic-fresh-fruits/ | /services/fresh-pond-sea-fish/ | /services/fresh-wheat-sack-food/ | /portfolio-2/ | /about-me/ | /services/cows-meat-and-milk/ | /services/fresh-organic-vegetable/ | /portfolio/ | /our-awards/ | /farmers/ | /testimonials/ | /services/ | /pricing/ | /our-partner/ | /careers/ | /events-page/ | /service-2/ | /home-4/ | /news-2/ | /news/ | /faqs/ | /gallery/ | /my-account-2/ | /checkout-2/ | /cart-2/ | /portfolio-3/ | /blog-standard/ | /team-of-experts/ | /our-clients/ | /72-2/ | /home/ | /2024/01/27/high-quality-maize-any-time-delivery-of-our-godown-in-gazipur/ | /2024/01/27/high-quality-fishh-meal-any-time-delivery-of-our-godown-in-gazipur/ | /2024/01/27/high-qualityhigh-protein-soya-mealcity-nabilany-time-delivery-of-our-godown-in-gazipur/ | /case/golder-sunflower/ | /case/organic-wheats/ | /case/fresh-wheat-food/ | /case/fresh-organic-vegetable/ | /case/golder-wheat/ | /case/organic-cow/ | /case/organic-grap/ | /case/fresh-chicken/ | /gva_template/new-header-layout/ | /gva_template/new-page-layout/ | /gva_template/new-post-single-template/ | /gva_template/crowdfunding-single-template/ | /gva_template/page-layout-header-white-2/ | /gva_template/crowdfunding-archive-template/ | /gva_template/header-white-2/ | /gva_template/new-page-layout-2/ | /gva_template/page-layout-header-transparent-2/ | /category/uncategorized/ | /category-portfolio/fruits/ | /category-portfolio/milk-meats/ | /category-portfolio/sea-fish/ | /category-portfolio/vegetables/","A","brand/person candidate; owner approval required","audit/media-originals/Monir-Group-logo.png","70921","ok"
"2461","https://monirgroupbd.com/wp-content/uploads/2024/02/cropped-Transparent-file-e1763448038431.png","image/png","","<p>https://monirgroupbd.com/wp-content/uploads/2024/02/cropped-Transparent-file-e1763448038431.png</p>
","512","512","","B","generic or unverified; hold from design","audit/media-originals/cropped-Transparent-file-e1763448038431.png","45159","ok"
"2455","https://monirgroupbd.com/wp-content/uploads/2025/02/images-2.jpg","image/jpeg","","","194","259","/products/","B","catalog illustration; third-party rights unconfirmed","audit/media-originals/images-2.jpg","16504","ok"
"2454","https://monirgroupbd.com/wp-content/uploads/2025/02/images-1.jpg","image/jpeg","","","194","259","/products/","B","catalog illustration; third-party rights unconfirmed","audit/media-originals/images-1.jpg","21389","ok"
"2453","https://monirgroupbd.com/wp-content/uploads/2025/02/470143751_122181969212153177_752348281834007339_n.jpg","image/jpeg","","","1534","2048","/products/","B","catalog illustration; third-party rights unconfirmed","audit/media-originals/470143751_122181969212153177_752348281834007339_n.jpg","583632","ok"
"2452","https://monirgroupbd.com/wp-content/uploads/2025/02/462713431_3702776286605823_2092014749487626786_n.jpg","image/jpeg","","","720","960","","B","generic or unverified; hold from design","audit/media-originals/462713431_3702776286605823_2092014749487626786_n.jpg","131808","ok"
"2450","https://monirgroupbd.com/wp-content/uploads/2025/02/chickpeas-husk-1482303305-2649584.jpeg","image/jpeg","","","250","250","/products/","B","catalog illustration; third-party rights unconfirmed","audit/media-originals/chickpeas-husk-1482303305-2649584.jpeg","18644","ok"
"2446","https://monirgroupbd.com/wp-content/uploads/2025/02/80e0539668e2a41d4665d62467ff38221726502207415485_original.avif","image/avif","","","720","405","","B","generic or unverified; hold from design","audit/media-originals/80e0539668e2a41d4665d62467ff38221726502207415485_original.avif","21499","ok"
"2445","https://monirgroupbd.com/wp-content/uploads/2025/02/WhatsApp-Image-20240404-at-94433-AM-2024-04-f105944fa3f77a9953a832a65e6125b0.jpeg","image/jpeg","","","509","339","/products/","B","catalog illustration; third-party rights unconfirmed","audit/media-originals/WhatsApp-Image-20240404-at-94433-AM-2024-04-f105944fa3f77a9953a832a65e6125b0.jpeg","68715","ok"
"2444","https://monirgroupbd.com/wp-content/uploads/2025/02/unnamed-2.jpg","image/jpeg","","","512","340","/products/","B","catalog illustration; third-party rights unconfirmed","audit/media-originals/unnamed-2.jpg","70426","ok"
"2443","https://monirgroupbd.com/wp-content/uploads/2025/02/grass-pea-benefits-side-effects.jpg","image/jpeg","","","625","400","/products/","B","catalog illustration; third-party rights unconfirmed","audit/media-originals/grass-pea-benefits-side-effects.jpg","35627","ok"
"2442","https://monirgroupbd.com/wp-content/uploads/2025/02/Mashkolai-dal-মাসকলাই-ডাল-350x350-1.jpg","image/jpeg","","","350","350","/products/","B","catalog illustration; third-party rights unconfirmed","audit/media-originals/Mashkolai-dal-মাসকলাই-ডাল-350x350-1.jpg","32608","ok"
"2440","https://monirgroupbd.com/wp-content/uploads/2025/02/chickpeas-garbanzos.jpg","image/jpeg","","","1600","1340","/products/","B","catalog illustration; third-party rights unconfirmed","audit/media-originals/chickpeas-garbanzos.jpg","165439","ok"
"2423","https://monirgroupbd.com/wp-content/uploads/2024/07/c604121697d6b000.jpg","image/jpeg","","","600","400","/products/","B","catalog illustration; third-party rights unconfirmed","audit/media-originals/c604121697d6b000.jpg","48432","ok"
"2422","https://monirgroupbd.com/wp-content/uploads/2024/07/corn-gluten.webp","image/webp","","","500","500","/products/","B","catalog illustration; third-party rights unconfirmed","audit/media-originals/corn-gluten.webp","26502","ok"
"2421","https://monirgroupbd.com/wp-content/uploads/2024/07/Rs2GraaOUZGt.jpg","image/jpeg","","","800","800","/products/","B","catalog illustration; third-party rights unconfirmed","audit/media-originals/Rs2GraaOUZGt.jpg","65969","ok"
"2420","https://monirgroupbd.com/wp-content/uploads/2024/07/TRI-CALIUM-PHOSPHATE-1024x683-1.jpg","image/jpeg","","","1024","683","/products/","B","catalog illustration; third-party rights unconfirmed","audit/media-originals/TRI-CALIUM-PHOSPHATE-1024x683-1.jpg","54081","ok"
"2419","https://monirgroupbd.com/wp-content/uploads/2024/07/bicarbonateofsoda-584b739.jpg","image/jpeg","","","768","565","/products/","B","catalog illustration; third-party rights unconfirmed","audit/media-originals/bicarbonateofsoda-584b739.jpg","80646","ok"
"2418","https://monirgroupbd.com/wp-content/uploads/2024/07/ammonium-chloride-drying-technology-116470-15599943.jpg","image/jpeg","","","819","715","","B","generic or unverified; hold from design","audit/media-originals/ammonium-chloride-drying-technology-116470-15599943.jpg","88603","ok"
"2414","https://monirgroupbd.com/wp-content/uploads/2024/07/Organic_Red_Rice_25KG_RIRED2.25__70057.1640059813.1280.1280__40596.jpg","image/jpeg","","","1280","1280","/products/","B","catalog illustration; third-party rights unconfirmed","audit/media-originals/Organic_Red_Rice_25KG_RIRED2.25__70057.1640059813.1280.1280__40596.jpg","479170","ok"
"2413","https://monirgroupbd.com/wp-content/uploads/2024/07/shutterstock_249324025-1.jpg","image/jpeg","","","1280","853","/products/","B","catalog illustration; third-party rights unconfirmed","audit/media-originals/shutterstock_249324025-1.jpg","110191","ok"
"2412","https://monirgroupbd.com/wp-content/uploads/2024/07/Basmati-Rice.jpg","image/jpeg","","","600","400","/products/","B","catalog illustration; third-party rights unconfirmed","audit/media-originals/Basmati-Rice.jpg","69588","ok"
"2411","https://monirgroupbd.com/wp-content/uploads/2024/07/lg_atop_rice_901d160cea2269b43382ea89c88b70fd0.jpg","image/jpeg","","","720","720","/products/","B","catalog illustration; third-party rights unconfirmed","audit/media-originals/lg_atop_rice_901d160cea2269b43382ea89c88b70fd0.jpg","75440","ok"
"2410","https://monirgroupbd.com/wp-content/uploads/2024/07/sugar-shutterstock_615908132.jpg","image/jpeg","","","700","438","/products/","B","catalog illustration; third-party rights unconfirmed","audit/media-originals/sugar-shutterstock_615908132.jpg","58005","ok"
"2409","https://monirgroupbd.com/wp-content/uploads/2024/07/AdobeStock_457626656.webp","image/webp","","","1100","733","/products/","B","catalog illustration; third-party rights unconfirmed","audit/media-originals/AdobeStock_457626656.webp","204594","ok"
"2408","https://monirgroupbd.com/wp-content/uploads/2024/07/1c9f96f6747938f9a782aff597268e98.jpeg","image/jpeg","","","1000","618","/products/","B","catalog illustration; third-party rights unconfirmed","audit/media-originals/1c9f96f6747938f9a782aff597268e98.jpeg","180297","ok"
"2407","https://monirgroupbd.com/wp-content/uploads/2024/07/1_E1XbXpyexi8eCyH22vUPdw.jpg","image/jpeg","","","1000","667","/products/","B","catalog illustration; third-party rights unconfirmed","audit/media-originals/1_E1XbXpyexi8eCyH22vUPdw.jpg","117302","ok"
"2405","https://monirgroupbd.com/wp-content/uploads/2024/07/feed-ingredients-l-threonine-granular.jpg","image/jpeg","","","800","800","/products/","B","catalog illustration; third-party rights unconfirmed","audit/media-originals/feed-ingredients-l-threonine-granular.jpg","91758","ok"
"2404","https://monirgroupbd.com/wp-content/uploads/2024/07/TB-L-Lysine.jpg","image/jpeg","","","500","500","/products/","B","catalog illustration; third-party rights unconfirmed","audit/media-originals/TB-L-Lysine.jpg","38076","ok"
"2403","https://monirgroupbd.com/wp-content/uploads/2024/07/methionine.jpg","image/jpeg","","","1000","877","/products/","B","catalog illustration; third-party rights unconfirmed","audit/media-originals/methionine.jpg","111321","ok"
"2402","https://monirgroupbd.com/wp-content/uploads/2024/07/Screen-Shot-2023-03-05-at-7.30.06-PM-min-scaled-e1678066622571.jpg","image/jpeg","","","1209","1177","/products/","B","catalog illustration; third-party rights unconfirmed","audit/media-originals/Screen-Shot-2023-03-05-at-7.30.06-PM-min-scaled-e1678066622571.jpg","98808","ok"
"2401","https://monirgroupbd.com/wp-content/uploads/2024/07/Good-Price-Food-Grade-Feed-Grade-63-68-3-L-Methionine-Powder-59-51-8-Dl-Methionine.jpg","image/jpeg","","","800","800","/products/","B","catalog illustration; third-party rights unconfirmed","audit/media-originals/Good-Price-Food-Grade-Feed-Grade-63-68-3-L-Methionine-Powder-59-51-8-Dl-Methionine.jpg","67305","ok"
"2400","https://monirgroupbd.com/wp-content/uploads/2024/07/getty_4eedb26663074a608ffb532197a9cc35-scaled.jpg","image/jpeg","","<p>pure sulfur powder, used in medicine, or fertilizer or fungicide</p>
","2560","1707","/products/","B","catalog illustration; third-party rights unconfirmed","audit/media-originals/getty_4eedb26663074a608ffb532197a9cc35-scaled.jpg","868023","ok"
"2380","https://monirgroupbd.com/wp-content/uploads/2024/06/3ac4f448-bg3.png","image/png","","","1920","1080","","B","generic or unverified; hold from design","audit/media-originals/3ac4f448-bg3.png","93408","ok"
"2379","https://monirgroupbd.com/wp-content/uploads/2024/06/22c7b3a2-rocket.png","image/png","","","921","712","","B","generic or unverified; hold from design","audit/media-originals/22c7b3a2-rocket.png","46816","ok"
"2378","https://monirgroupbd.com/wp-content/uploads/2024/06/5d278360-jupiter.png","image/png","","","275","163","","B","generic or unverified; hold from design","audit/media-originals/5d278360-jupiter.png","10294","ok"
"2347","https://monirgroupbd.com/wp-content/uploads/2024/05/2151500790.jpg","image/jpeg","","","1000","560","/monir-poultry-feed-industries-limited/","B","generic or unverified; hold from design","audit/media-originals/2151500790.jpg","81768","ok"
"2346","https://monirgroupbd.com/wp-content/uploads/2024/05/1719496.jpg","image/jpeg","","","1000","750","/monir-poultry-feed-industries-limited/","B","generic or unverified; hold from design","audit/media-originals/1719496.jpg","153658","ok"
"2345","https://monirgroupbd.com/wp-content/uploads/2024/05/3.jpg","image/jpeg","","","1000","665","/monir-poultry-feed-industries-limited/","B","generic or unverified; hold from design","audit/media-originals/3.jpg","188582","ok"
"2344","https://monirgroupbd.com/wp-content/uploads/2024/05/WhatsApp-Image-2024-03-25-at-13.13.47_ee892bad.jpg","image/jpeg","","","1280","960","/monir-poultry-feed-industries-limited/","B","generic or unverified; hold from design","audit/media-originals/WhatsApp-Image-2024-03-25-at-13.13.47_ee892bad.jpg","87840","ok"
"2343","https://monirgroupbd.com/wp-content/uploads/2024/05/WhatsApp-Image-2024-03-25-at-13.15.00_de59277f.jpg","image/jpeg","","","1280","960","/monir-poultry-feed-industries-limited/","B","generic or unverified; hold from design","audit/media-originals/WhatsApp-Image-2024-03-25-at-13.15.00_de59277f.jpg","85760","ok"
"2282","https://monirgroupbd.com/wp-content/uploads/2024/02/monir-logo-feed.png","image/png","","","500","500","/ | /sister-concerns/ | /monir-poultry-feed-industries-limited/","A","brand/person candidate; owner approval required","audit/media-originals/monir-logo-feed.png","39575","ok"
"2280","https://monirgroupbd.com/wp-content/uploads/2024/02/monir-logo-1.png","image/png","","","500","500","","A","brand/person candidate; owner approval required","audit/media-originals/monir-logo-1.png","23527","ok"
"2279","https://monirgroupbd.com/wp-content/uploads/2024/02/monir-logo-2.png","image/png","","","500","500","/ | /sister-concerns/ | /monir-poultry-feed-industries-limited/","A","brand/person candidate; owner approval required","audit/media-originals/monir-logo-2.png","5753","ok"
"2278","https://monirgroupbd.com/wp-content/uploads/2024/02/web-banner.png","image/png","","","1440","400","","B","generic or unverified; hold from design","audit/media-originals/web-banner.png","404894","ok"
"2264","https://monirgroupbd.com/wp-content/uploads/2024/02/Monir-Group.png","image/png","","","1280","720","","B","generic or unverified; hold from design","audit/media-originals/Monir-Group.png","186987","ok"
"2260","https://monirgroupbd.com/wp-content/uploads/2024/02/WhatsApp-Image-2024-02-05-at-16.08.56_12f85da4.jpg","image/jpeg","","","1001","1280","","B","generic or unverified; hold from design","audit/media-originals/WhatsApp-Image-2024-02-05-at-16.08.56_12f85da4.jpg","82343","ok"
"2243","https://monirgroupbd.com/wp-content/uploads/2024/02/Screenshot-2024-02-22-103953.png","image/png","","","790","217","","B","generic or unverified; hold from design","audit/media-originals/Screenshot-2024-02-22-103953.png","17674","ok"
"2207","https://monirgroupbd.com/wp-content/uploads/2024/02/Untitled-design-6.png","image/png","","","1280","720","","B","generic or unverified; hold from design","audit/media-originals/Untitled-design-6.png","47064","ok"
"2175","https://monirgroupbd.com/wp-content/uploads/2024/01/Untitled-design-2.png","image/png","","","500","500","","B","generic or unverified; hold from design","audit/media-originals/Untitled-design-2.png","21557","ok"
"2174","https://monirgroupbd.com/wp-content/uploads/2024/01/Asset-2@4x.png","image/png","","","194","131","","B","generic or unverified; hold from design","audit/media-originals/Asset-2@4x.png","1658","ok"
"2172","https://monirgroupbd.com/wp-content/uploads/2024/01/cropped-Asset-1@4x.png","image/png","","<p>https://monirgroupbd.com/wp-content/uploads/2024/01/cropped-Asset-1@4x.png</p>
","512","512","","B","generic or unverified; hold from design","audit/media-originals/cropped-Asset-1@4x.png","21800","ok"
"2170","https://monirgroupbd.com/wp-content/uploads/2024/01/Asset-1@4x.png","image/png","","","614","145","","B","generic or unverified; hold from design","audit/media-originals/Asset-1@4x.png","6085","ok"
"2158","https://monirgroupbd.com/wp-content/uploads/revslider/video-media/1615506-Drone-Analysing-Load-1280X720_2.jpeg","image/jpeg","","","1280","720","","B","generic or unverified; hold from design","audit/media-originals/1615506-Drone-Analysing-Load-1280X720_2.jpeg","47553","ok"
"2157","https://monirgroupbd.com/wp-content/uploads/2024/01/logistics-transportation-container-cargo-ship-cargo-plane-with-working-crane-bridge-shipyard-sunrise-logistic-import-export-transport-industry-background-ai-generative.jpg","image/jpeg","","","1000","667","/contact/","B","generic or unverified; hold from design","audit/media-originals/logistics-transportation-container-cargo-ship-cargo-plane-with-working-crane-bridge-shipyard-sunrise-logistic-import-export-transport-industry-background-ai-generative.jpg","109470","ok"
"2156","https://monirgroupbd.com/wp-content/uploads/2024/01/1615506-Drone-Analysing-Load-1280X720.mp4","video/mp4","","<p>https://monirgroupbd.com/wp-content/uploads/2024/01/1615506-Drone-Analysing-Load-1280X720.mp4</p>
","1280","720","","C","hold: identity and reuse rights unconfirmed","audit/media-originals/1615506-Drone-Analysing-Load-1280X720.mp4","3096981","ok"
"2151","https://monirgroupbd.com/wp-content/uploads/2024/01/whole-broken-ears-corn-wooden-table-against-background-cornfield.jpg","image/jpeg","","","1000","667","","B","generic or unverified; hold from design","audit/media-originals/whole-broken-ears-corn-wooden-table-against-background-cornfield.jpg","134925","ok"
"2150","https://monirgroupbd.com/wp-content/uploads/2024/01/soybean-seeds-wooden-floor-hemp-sacks-food-nutrition-concept.jpg","image/jpeg","","","1000","667","/blog-standard/ | /2024/01/27/high-qualityhigh-protein-soya-mealcity-nabilany-time-delivery-of-our-godown-in-gazipur/","B","generic or unverified; hold from design","audit/media-originals/soybean-seeds-wooden-floor-hemp-sacks-food-nutrition-concept.jpg","214095","ok"
"2149","https://monirgroupbd.com/wp-content/uploads/2024/01/flour-wheat-stalks-metal-table.jpg","image/jpeg","","","1000","667","","B","generic or unverified; hold from design","audit/media-originals/flour-wheat-stalks-metal-table.jpg","165225","ok"
"2148","https://monirgroupbd.com/wp-content/uploads/2024/01/ingredient-bag-full-flour.jpg","image/jpeg","","","1000","667","","B","generic or unverified; hold from design","audit/media-originals/ingredient-bag-full-flour.jpg","158563","ok"
"2147","https://monirgroupbd.com/wp-content/uploads/2024/01/corn-field-crop-plant-harvesting.jpg","image/jpeg","","","1000","667","","B","generic or unverified; hold from design","audit/media-originals/corn-field-crop-plant-harvesting.jpg","115969","ok"
"2086","https://monirgroupbd.com/wp-content/uploads/2023/11/WhatsApp-Image-2023-11-19-at-5.57.31-PM.jpeg","image/jpeg","","","960","1280","","B","generic or unverified; hold from design","audit/media-originals/WhatsApp-Image-2023-11-19-at-5.57.31-PM.jpeg","271994","ok"
"2078","https://monirgroupbd.com/wp-content/uploads/2023/11/FB_IMG_1551577815744-397x330-1.jpg","image/jpeg","","","397","330","/products/","B","catalog illustration; third-party rights unconfirmed","audit/media-originals/FB_IMG_1551577815744-397x330-1.jpg","18780","ok"
"2077","https://monirgroupbd.com/wp-content/uploads/2023/11/WhatsApp-Image-2023-09-04-at-12.04.37_9e250d0f-e1699441449282.jpg","image/jpeg","","","962","1064","/products/","B","catalog illustration; third-party rights unconfirmed","audit/media-originals/WhatsApp-Image-2023-09-04-at-12.04.37_9e250d0f-e1699441449282.jpg","111544","ok"
"2075","https://monirgroupbd.com/wp-content/uploads/2023/11/152082924_1367146456997007_1262590600503810053_n.jpg","image/jpeg","","","2048","1536","/products/","B","catalog illustration; third-party rights unconfirmed","audit/media-originals/152082924_1367146456997007_1262590600503810053_n.jpg","588207","ok"
"2065","https://monirgroupbd.com/wp-content/uploads/2023/08/Untitled-design-6.png","image/png","","","1280","720","/products/","B","catalog illustration; third-party rights unconfirmed","audit/media-originals/Untitled-design-6.png","376880","ok"
"2053","https://monirgroupbd.com/wp-content/uploads/2023/08/wholesale-limestone-granules-for-animal-feed-size-2-3-mm0-0528565001624542657-removebg-preview.png","image/png","","","500","500","/products/","B","catalog illustration; third-party rights unconfirmed","audit/media-originals/wholesale-limestone-granules-for-animal-feed-size-2-3-mm0-0528565001624542657-removebg-preview.png","274282","ok"
"2049","https://monirgroupbd.com/wp-content/uploads/2023/08/WhatsApp_Image_2023-08-15_at_12.44.42-removebg-preview.png","image/png","","","758","329","","B","generic or unverified; hold from design","audit/media-originals/WhatsApp_Image_2023-08-15_at_12.44.42-removebg-preview.png","102514","ok"
"2042","https://monirgroupbd.com/wp-content/uploads/2023/08/WhatsApp-Image-2023-08-15-at-12.44.42.jpg","image/jpeg","","","1599","695","","B","generic or unverified; hold from design","audit/media-originals/WhatsApp-Image-2023-08-15-at-12.44.42.jpg","63219","ok"
"2038","https://monirgroupbd.com/wp-content/uploads/2023/08/wholesale-limestone-granules-for-animal-feed-size-2-3-mm0-0528565001624542657.jpeg","image/jpeg","","","1000","1000","","B","generic or unverified; hold from design","audit/media-originals/wholesale-limestone-granules-for-animal-feed-size-2-3-mm0-0528565001624542657.jpeg","183788","ok"
"2017","https://monirgroupbd.com/wp-content/uploads/2023/08/Blank-12-Grids-Collage.png","image/png","","","2000","2000","","B","generic or unverified; hold from design","audit/media-originals/Blank-12-Grids-Collage.png","2908740","ok"
"2013","https://monirgroupbd.com/wp-content/uploads/2023/08/Corn-Powder-Sat6.webp","image/webp","","","1000","1000","/products/","B","catalog illustration; third-party rights unconfirmed","audit/media-originals/Corn-Powder-Sat6.webp","122980","ok"
"2011","https://monirgroupbd.com/wp-content/uploads/2023/08/white-limestone-powder-500x500-1.webp","image/webp","","","500","500","/products/","B","catalog illustration; third-party rights unconfirmed","audit/media-originals/white-limestone-powder-500x500-1.webp","12602","ok"
"2007","https://monirgroupbd.com/wp-content/uploads/2023/08/rice-polish.jpeg","image/jpeg","","","272","185","/products/","B","catalog illustration; third-party rights unconfirmed","audit/media-originals/rice-polish.jpeg","9853","ok"
"2006","https://monirgroupbd.com/wp-content/uploads/2023/08/maize-powder.jpg","image/jpeg","","","800","457","/products/","B","catalog illustration; third-party rights unconfirmed","audit/media-originals/maize-powder.jpg","22704","ok"
"2005","https://monirgroupbd.com/wp-content/uploads/2023/08/maize-half-vanga.jpg","image/jpeg","","","500","400","","B","generic or unverified; hold from design","audit/media-originals/maize-half-vanga.jpg","33975","ok"
"2004","https://monirgroupbd.com/wp-content/uploads/2023/08/high-quality-meal-shutki.jpeg","image/jpeg","","","194","259","/products/","B","catalog illustration; third-party rights unconfirmed","audit/media-originals/high-quality-meal-shutki.jpeg","11753","ok"
"2003","https://monirgroupbd.com/wp-content/uploads/2023/08/gomer-vushi.jpg","image/jpeg","","","1204","1600","/products/","B","catalog illustration; third-party rights unconfirmed","audit/media-originals/gomer-vushi.jpg","163832","ok"
"2002","https://monirgroupbd.com/wp-content/uploads/2023/08/feed-quality-mora-chal-2.jpeg","image/jpeg","","","225","225","","B","generic or unverified; hold from design","audit/media-originals/feed-quality-mora-chal-2.jpeg","13595","ok"
"2001","https://monirgroupbd.com/wp-content/uploads/2023/08/diamond-khud.jpg","image/jpeg","","","2048","1536","/products/","B","catalog illustration; third-party rights unconfirmed","audit/media-originals/diamond-khud.jpg","366741","ok"
"2000","https://monirgroupbd.com/wp-content/uploads/2023/08/diamond-khud-good.jpeg","image/jpeg","","","194","259","","B","generic or unverified; hold from design","audit/media-originals/diamond-khud-good.jpeg","9263","ok"
"1999","https://monirgroupbd.com/wp-content/uploads/2023/08/327577718_2973758232920552_7902208887196926014_n.jpg","image/jpeg","","","960","960","","B","generic or unverified; hold from design","audit/media-originals/327577718_2973758232920552_7902208887196926014_n.jpg","137950","ok"
"1998","https://monirgroupbd.com/wp-content/uploads/2023/08/tiler-khoil.webp","image/webp","","","200","200","/products/","B","catalog illustration; third-party rights unconfirmed","audit/media-originals/tiler-khoil.webp","9976","ok"
"1997","https://monirgroupbd.com/wp-content/uploads/2023/08/soya-meal-low-protine.jpg","image/jpeg","","","400","400","/products/","B","catalog illustration; third-party rights unconfirmed","audit/media-originals/soya-meal-low-protine.jpg","42350","ok"
"1996","https://monirgroupbd.com/wp-content/uploads/2023/08/shutki-maser-gura.jpeg","image/jpeg","","","194","260","/products/","B","catalog illustration; third-party rights unconfirmed","audit/media-originals/shutki-maser-gura.jpeg","13128","ok"
"1995","https://monirgroupbd.com/wp-content/uploads/2023/08/rice-polish.webp","image/webp","","","2048","2048","","B","generic or unverified; hold from design","audit/media-originals/rice-polish.webp","151872","ok"
"1994","https://monirgroupbd.com/wp-content/uploads/2023/08/poultry-meal.jpg","image/jpeg","","","364","271","/products/","B","catalog illustration; third-party rights unconfirmed","audit/media-originals/poultry-meal.jpg","31597","ok"
"1993","https://monirgroupbd.com/wp-content/uploads/2023/08/poultry-meal-oil2.jpg","image/jpeg","","","419","500","","B","generic or unverified; hold from design","audit/media-originals/poultry-meal-oil2.jpg","18927","ok"
"1992","https://monirgroupbd.com/wp-content/uploads/2023/08/poultry-meal-oil1.jpg","image/jpeg","","","482","500","","B","generic or unverified; hold from design","audit/media-originals/poultry-meal-oil1.jpg","20301","ok"
"1991","https://monirgroupbd.com/wp-content/uploads/2023/08/poultry-meal-oil.jpg","image/jpeg","","","1100","734","/products/","B","catalog illustration; third-party rights unconfirmed","audit/media-originals/poultry-meal-oil.jpg","89067","ok"
"1990","https://monirgroupbd.com/wp-content/uploads/2023/08/poultry-meal-2.jpg","image/jpeg","","","367","276","","B","generic or unverified; hold from design","audit/media-originals/poultry-meal-2.jpg","29781","ok"
"1989","https://monirgroupbd.com/wp-content/uploads/2023/08/mora-chal.jpg","image/jpeg","","","373","500","/products/","B","catalog illustration; third-party rights unconfirmed","audit/media-originals/mora-chal.jpg","58195","ok"
"1988","https://monirgroupbd.com/wp-content/uploads/2023/08/mix-shutki.webp","image/webp","","","347","280","","B","generic or unverified; hold from design","audit/media-originals/mix-shutki.webp","55350","ok"
"1983","https://monirgroupbd.com/wp-content/uploads/2023/08/WhatsApp-Image-2023-08-14-at-12.07.11.jpg","image/jpeg","","","500","345","","B","generic or unverified; hold from design","audit/media-originals/WhatsApp-Image-2023-08-14-at-12.07.11.jpg","22786","ok"
"1982","https://monirgroupbd.com/wp-content/uploads/2023/08/group-cows-cowshed-eating-hay-fodder-dairy-farm.jpg","image/jpeg","","","1000","667","","B","generic or unverified; hold from design","audit/media-originals/group-cows-cowshed-eating-hay-fodder-dairy-farm.jpg","154718","ok"
"1976","https://monirgroupbd.com/wp-content/uploads/2023/08/pngwing.com-9.png","image/png","","","600","571","","B","generic or unverified; hold from design","audit/media-originals/pngwing.com-9.png","336492","ok"
"1975","https://monirgroupbd.com/wp-content/uploads/2023/08/pngwing.com-8.png","image/png","","","1300","850","","B","generic or unverified; hold from design","audit/media-originals/pngwing.com-8.png","1105946","ok"
"1974","https://monirgroupbd.com/wp-content/uploads/2023/08/pngwing.com-7.png","image/png","","","1200","785","","B","generic or unverified; hold from design","audit/media-originals/pngwing.com-7.png","774069","ok"
"1970","https://monirgroupbd.com/wp-content/uploads/2023/08/pngwing.com-6.png","image/png","","","1200","1009","","B","generic or unverified; hold from design","audit/media-originals/pngwing.com-6.png","956760","ok"
"1969","https://monirgroupbd.com/wp-content/uploads/2023/08/pngwing.com-3.png","image/png","","","2000","1946","","B","generic or unverified; hold from design","audit/media-originals/pngwing.com-3.png","217722","ok"
"1968","https://monirgroupbd.com/wp-content/uploads/2023/08/pngwing.com-1.png","image/png","","","500","500","","B","generic or unverified; hold from design","audit/media-originals/pngwing.com-1.png","129906","ok"
"1967","https://monirgroupbd.com/wp-content/uploads/2023/08/pngwing.com-jhjj2.png","image/png","","","500","500","","B","generic or unverified; hold from design","audit/media-originals/pngwing.com-jhjj2.png","204144","ok"
"1966","https://monirgroupbd.com/wp-content/uploads/2023/08/pngwing.com-10.png","image/png","","","800","1200","","B","generic or unverified; hold from design","audit/media-originals/pngwing.com-10.png","682689","ok"
"1959","https://monirgroupbd.com/wp-content/uploads/2023/08/pngwing.com-2.png","image/png","","","900","900","","B","generic or unverified; hold from design","audit/media-originals/pngwing.com-2.png","776758","ok"
"1958","https://monirgroupbd.com/wp-content/uploads/2023/08/pngwing.com-jhjj1.png","image/png","","","1000","606","/ | /products/","B","catalog illustration; third-party rights unconfirmed","audit/media-originals/pngwing.com-jhjj1.png","594144","ok"
"1956","https://monirgroupbd.com/wp-content/uploads/2023/08/pngwing.com_.png","image/png","","","658","622","/blog-standard/ | /2024/01/27/high-quality-maize-any-time-delivery-of-our-godown-in-gazipur/ | /gva_template/new-post-single-template/","B","generic or unverified; hold from design","audit/media-originals/pngwing.com_.png","353921","ok"
"1955","https://monirgroupbd.com/wp-content/uploads/2023/08/hi-pro.jpg","image/jpeg","","","500","400","/ | /products/","B","catalog illustration; third-party rights unconfirmed","audit/media-originals/hi-pro.jpg","33492","ok"
"1954","https://monirgroupbd.com/wp-content/uploads/2023/08/pngwing.com-4.png","image/png","","","1019","1052","","B","generic or unverified; hold from design","audit/media-originals/pngwing.com-4.png","632790","ok"
"1953","https://monirgroupbd.com/wp-content/uploads/2023/08/pngwing.com-5.png","image/png","","","672","600","/ | /products/","B","catalog illustration; third-party rights unconfirmed","audit/media-originals/pngwing.com-5.png","311125","ok"
"1945","https://monirgroupbd.com/wp-content/uploads/2023/08/Heads-wheat-grains.webp","image/webp","","","1600","1200","/ | /products/","B","catalog illustration; third-party rights unconfirmed","audit/media-originals/Heads-wheat-grains.webp","316084","ok"
"1939","https://monirgroupbd.com/wp-content/uploads/2023/06/Monir-Enterprise.png","image/png","","","500","500","","A","brand/person candidate; owner approval required","audit/media-originals/Monir-Enterprise.png","7035","ok"
"1932","https://monirgroupbd.com/wp-content/uploads/2023/04/monir-enterprise-logo.webp","image/webp","","","500","500","","A","brand/person candidate; owner approval required","audit/media-originals/monir-enterprise-logo.webp","23268","ok"
"1909","https://monirgroupbd.com/wp-content/uploads/2023/04/MD-Robiul-Hasan-Monir.webp","image/webp","","","600","600","","A","brand/person candidate; owner approval required","audit/media-originals/MD-Robiul-Hasan-Monir.webp","8666","ok"
"1874","https://monirgroupbd.com/wp-content/uploads/2023/04/sadman-green-agro-1.webp","image/webp","","","500","500","/ | /sister-concerns/ | /monir-poultry-feed-industries-limited/","A","brand/person candidate; owner approval required","audit/media-originals/sadman-green-agro-1.webp","5736","ok"
"1868","https://monirgroupbd.com/wp-content/uploads/2023/04/12.webp","image/webp","","","500","500","/ | /sister-concerns/ | /monir-poultry-feed-industries-limited/","B","generic or unverified; hold from design","audit/media-originals/12.webp","2888","ok"
"1867","https://monirgroupbd.com/wp-content/uploads/2023/04/11.webp","image/webp","","","500","500","","B","generic or unverified; hold from design","audit/media-originals/11.webp","2792","ok"
"1866","https://monirgroupbd.com/wp-content/uploads/2023/04/10.webp","image/webp","","","500","500","","B","generic or unverified; hold from design","audit/media-originals/10.webp","3060","ok"
"1865","https://monirgroupbd.com/wp-content/uploads/2023/04/9.webp","image/webp","","","500","500","/ | /sister-concerns/ | /monir-poultry-feed-industries-limited/","B","generic or unverified; hold from design","audit/media-originals/9.webp","3518","ok"
"1864","https://monirgroupbd.com/wp-content/uploads/2023/04/6.webp","image/webp","","","500","500","/ | /sister-concerns/ | /monir-poultry-feed-industries-limited/","B","generic or unverified; hold from design","audit/media-originals/6.webp","6652","ok"
"1863","https://monirgroupbd.com/wp-content/uploads/2023/04/1.webp","image/webp","","","500","500","/ | /sister-concerns/ | /monir-poultry-feed-industries-limited/","B","generic or unverified; hold from design","audit/media-originals/1.webp","13272","ok"
"1805","https://monirgroupbd.com/wp-content/uploads/2023/04/meghna-group-logo.webp","image/webp","","","1892","1002","/","C","exclude: third-party or theme logo; not evidence of endorsement","audit/media-originals/meghna-group-logo.webp","32098","ok"
"1804","https://monirgroupbd.com/wp-content/uploads/2023/04/Jamuna-logo.webp","image/webp","","","657","328","/","C","exclude: third-party or theme logo; not evidence of endorsement","audit/media-originals/Jamuna-logo.webp","9864","ok"
"1799","https://monirgroupbd.com/wp-content/uploads/2023/04/National-Feed-Mill-Limited.webp","image/webp","","","500","250","/","B","generic or unverified; hold from design","audit/media-originals/National-Feed-Mill-Limited.webp","4388","ok"
"1798","https://monirgroupbd.com/wp-content/uploads/2023/04/nahar_agro_logo-200x200-1.webp","image/webp","","","200","200","/","C","exclude: third-party or theme logo; not evidence of endorsement","audit/media-originals/nahar_agro_logo-200x200-1.webp","4226","ok"
"1796","https://monirgroupbd.com/wp-content/uploads/2023/04/mahbub-group-200x200-1.webp","image/webp","","","200","200","/","B","generic or unverified; hold from design","audit/media-originals/mahbub-group-200x200-1.webp","4152","ok"
"1795","https://monirgroupbd.com/wp-content/uploads/2023/04/kazi-farm-1-200x200-1.webp","image/webp","","","200","200","/","B","generic or unverified; hold from design","audit/media-originals/kazi-farm-1-200x200-1.webp","2240","ok"
"1794","https://monirgroupbd.com/wp-content/uploads/2023/04/download-200x142-2.webp","image/webp","","","200","142","/","B","generic or unverified; hold from design","audit/media-originals/download-200x142-2.webp","1166","ok"
"1793","https://monirgroupbd.com/wp-content/uploads/2023/04/download-2-200x200-1.webp","image/webp","","","200","200","/","B","generic or unverified; hold from design","audit/media-originals/download-2-200x200-1.webp","1856","ok"
"1792","https://monirgroupbd.com/wp-content/uploads/2023/04/download.webp","image/webp","","","124","129","/","B","generic or unverified; hold from design","audit/media-originals/download.webp","3782","ok"
"1791","https://monirgroupbd.com/wp-content/uploads/2023/04/cp-200x200-2.webp","image/webp","","","200","200","/","B","generic or unverified; hold from design","audit/media-originals/cp-200x200-2.webp","2984","ok"
"1790","https://monirgroupbd.com/wp-content/uploads/2023/04/city-200x81-1.webp","image/webp","","","200","81","/","B","generic or unverified; hold from design","audit/media-originals/city-200x81-1.webp","1590","ok"
"1789","https://monirgroupbd.com/wp-content/uploads/2023/04/aman-200x200-1.webp","image/webp","","","200","200","/","B","generic or unverified; hold from design","audit/media-originals/aman-200x200-1.webp","1704","ok"
"1788","https://monirgroupbd.com/wp-content/uploads/2023/04/ALIYA-ლოგო.webp","image/webp","","","660","353","/","B","generic or unverified; hold from design","audit/media-originals/ALIYA-ლოგო.webp","6174","ok"
"1787","https://monirgroupbd.com/wp-content/uploads/2023/04/aftab-feed-1-1.webp","image/webp","","","400","400","/","B","generic or unverified; hold from design","audit/media-originals/aftab-feed-1-1.webp","3802","ok"
"1786","https://monirgroupbd.com/wp-content/uploads/2023/04/1649621225375-200x113-1.webp","image/webp","","","200","113","/","B","generic or unverified; hold from design","audit/media-originals/1649621225375-200x113-1.webp","1506","ok"
"1784","https://monirgroupbd.com/wp-content/uploads/2023/04/277766219_482010920380308_194144754622179015_n.webp","image/webp","","","945","778","/","B","generic or unverified; hold from design","audit/media-originals/277766219_482010920380308_194144754622179015_n.webp","19564","ok"
"1783","https://monirgroupbd.com/wp-content/uploads/2023/04/12645244_1686931928258401_6286498303576996166_n.webp","image/webp","","","200","200","/","B","generic or unverified; hold from design","audit/media-originals/12645244_1686931928258401_6286498303576996166_n.webp","3084","ok"
"1782","https://monirgroupbd.com/wp-content/uploads/2023/04/quality-feed-1.webp","image/webp","","","225","225","/","B","generic or unverified; hold from design","audit/media-originals/quality-feed-1.webp","2546","ok"
"1781","https://monirgroupbd.com/wp-content/uploads/2023/04/provita-feed-1.webp","image/webp","","","275","183","/","B","generic or unverified; hold from design","audit/media-originals/provita-feed-1.webp","5266","ok"
"1780","https://monirgroupbd.com/wp-content/uploads/2023/04/pran-logo.webp","image/webp","","","200","131","/","C","exclude: third-party or theme logo; not evidence of endorsement","audit/media-originals/pran-logo.webp","4760","ok"
"1779","https://monirgroupbd.com/wp-content/uploads/2023/04/paragon-200x200-2.webp","image/webp","","","200","200","/","B","generic or unverified; hold from design","audit/media-originals/paragon-200x200-2.webp","2822","ok"
"1778","https://monirgroupbd.com/wp-content/uploads/2023/04/nourish-1.webp","image/webp","","","200","200","/","B","generic or unverified; hold from design","audit/media-originals/nourish-1.webp","2192","ok"
"1688","https://monirgroupbd.com/wp-content/uploads/2023/04/Managing-director.webp","image/webp","","","640","960","","B","generic or unverified; hold from design","audit/media-originals/Managing-director.webp","15704","ok"
"1687","https://monirgroupbd.com/wp-content/uploads/2023/04/Chairman.webp","image/webp","","","640","960","","B","generic or unverified; hold from design","audit/media-originals/Chairman.webp","16628","ok"
"1685","https://monirgroupbd.com/wp-content/uploads/2023/04/about-4.webp","image/webp","","","640","960","","B","generic or unverified; hold from design","audit/media-originals/about-4.webp","28142","ok"
"1677","https://monirgroupbd.com/wp-content/uploads/2023/04/about-cover-3.webp","image/webp","","","1280","853","","B","generic or unverified; hold from design","audit/media-originals/about-cover-3.webp","29554","ok"
"1649","https://monirgroupbd.com/wp-content/uploads/2023/04/about-2-e1681107437552.webp","image/webp","","","640","712","","B","generic or unverified; hold from design","audit/media-originals/about-2-e1681107437552.webp","32680","ok"
"1647","https://monirgroupbd.com/wp-content/uploads/2023/04/about-scaled.webp","image/webp","","","2048","2327","","B","generic or unverified; hold from design","audit/media-originals/about-scaled.webp","483652","ok"
"1645","https://monirgroupbd.com/wp-content/uploads/2023/04/slider-3-scaled.webp","image/webp","","","2048","1366","","B","generic or unverified; hold from design","audit/media-originals/slider-3-scaled.webp","365322","ok"
"1644","https://monirgroupbd.com/wp-content/uploads/2023/04/slider-2-scaled.webp","image/webp","","","2048","1368","","B","generic or unverified; hold from design","audit/media-originals/slider-2-scaled.webp","346156","ok"
"1643","https://monirgroupbd.com/wp-content/uploads/2023/04/Slider-1-scaled.webp","image/webp","","","2048","1362","","B","generic or unverified; hold from design","audit/media-originals/Slider-1-scaled.webp","114838","ok"
"1623","https://monirgroupbd.com/wp-content/uploads/2021/08/cropped-MonirEnterprize-Logo.webp","image/webp","","<p>https://monirgroupbd.com/wp-content/uploads/2021/08/cropped-MonirEnterprize-Logo.webp</p>
","512","512","","A","brand/person candidate; owner approval required","audit/media-originals/cropped-MonirEnterprize-Logo.webp","75472","ok"
"1602","https://monirgroupbd.com/wp-content/uploads/2023/04/Maize-1.webp","image/webp","","","640","480","","B","generic or unverified; hold from design","audit/media-originals/Maize-1.webp","86924","ok"
"1547","https://monirgroupbd.com/wp-content/uploads/2023/04/Maize.webp","image/webp","","","500","366","","B","generic or unverified; hold from design","audit/media-originals/Maize.webp","17288","ok"
"1546","https://monirgroupbd.com/wp-content/uploads/2023/04/Full-fat-soyabean.webp","image/webp","","","1821","1024","","B","generic or unverified; hold from design","audit/media-originals/Full-fat-soyabean.webp","149384","ok"
"1545","https://monirgroupbd.com/wp-content/uploads/2023/04/fish-meal.webp","image/webp","","","640","480","/ | /products/ | /monir-poultry-feed-industries-limited/ | /home-2/ | /home-3/ | /home-4/ | /news/ | /blog-standard/ | /2024/01/27/high-quality-fishh-meal-any-time-delivery-of-our-godown-in-gazipur/ | /category/uncategorized/","B","catalog illustration; third-party rights unconfirmed","audit/media-originals/fish-meal.webp","16836","ok"
"1544","https://monirgroupbd.com/wp-content/uploads/2023/04/DORB.webp","image/webp","","","400","284","/products/","B","catalog illustration; third-party rights unconfirmed","audit/media-originals/DORB.webp","16788","ok"
"1543","https://monirgroupbd.com/wp-content/uploads/2023/04/wheat-dust.webp","image/webp","","","480","320","/ | /products/","B","catalog illustration; third-party rights unconfirmed","audit/media-originals/wheat-dust.webp","15864","ok"
"1542","https://monirgroupbd.com/wp-content/uploads/2023/04/wheat.webp","image/webp","","","639","425","","B","generic or unverified; hold from design","audit/media-originals/wheat.webp","34794","ok"
"1540","https://monirgroupbd.com/wp-content/uploads/2023/04/soyabean.webp","image/webp","","","640","427","","B","generic or unverified; hold from design","audit/media-originals/soyabean.webp","12030","ok"
"1539","https://monirgroupbd.com/wp-content/uploads/2023/04/rapeseed.webp","image/webp","","","568","307","/products/","B","catalog illustration; third-party rights unconfirmed","audit/media-originals/rapeseed.webp","20344","ok"
"1519","https://monirgroupbd.com/wp-content/uploads/2023/03/mt-sample-background.jpg","image/jpeg","","","1920","1280","","B","generic or unverified; hold from design","audit/media-originals/mt-sample-background.jpg","203570","ok"
"1518","https://monirgroupbd.com/wp-content/uploads/revslider/slider-3/slider-21.jpg","image/jpeg","","","1920","910","","B","generic or unverified; hold from design","audit/media-originals/slider-21.jpg","255411","ok"
"1517","https://monirgroupbd.com/wp-content/uploads/revslider/slider-3/slider-11.jpg","image/jpeg","","","1920","910","","B","generic or unverified; hold from design","audit/media-originals/slider-11.jpg","211909","ok"
"1516","https://monirgroupbd.com/wp-content/uploads/revslider/slider-2/slider-81.jpg","image/jpeg","","","1920","896","","B","generic or unverified; hold from design","audit/media-originals/slider-81.jpg","92198","ok"
"1515","https://monirgroupbd.com/wp-content/uploads/revslider/slider-2/layer-11.png","image/png","","","655","548","","B","generic or unverified; hold from design","audit/media-originals/layer-11.png","3231","ok"
"1514","https://monirgroupbd.com/wp-content/uploads/revslider/slider-2/slider-71.jpg","image/jpeg","","","1920","895","","B","generic or unverified; hold from design","audit/media-originals/slider-71.jpg","126549","ok"
"1513","https://monirgroupbd.com/wp-content/uploads/revslider/slider-1/slider-61.jpg","image/jpeg","","","1920","900","","B","generic or unverified; hold from design","audit/media-originals/slider-61.jpg","211312","ok"
"1512","https://monirgroupbd.com/wp-content/uploads/revslider/slider-1/slider-51.jpg","image/jpeg","","","1920","900","","B","generic or unverified; hold from design","audit/media-originals/slider-51.jpg","167368","ok"
"1511","https://monirgroupbd.com/wp-content/uploads/revslider/slider-1/slider-41.jpg","image/jpeg","","","1920","900","","B","generic or unverified; hold from design","audit/media-originals/slider-41.jpg","235816","ok"
"271","https://monirgroupbd.com/wp-content/uploads/woocommerce-placeholder.png","image/png","","","1200","1200","","B","generic or unverified; hold from design","audit/media-originals/woocommerce-placeholder.png","102644","ok"
"7","https://monirgroupbd.com/wp-content/uploads/2023/02/qi-addons-for-elementor-placeholder.png","image/png","","","1200","800","","B","generic or unverified; hold from design","audit/media-originals/qi-addons-for-elementor-placeholder.png","7247","ok"
"1456","https://monirgroupbd.com/wp-content/uploads/2022/07/bg-13.jpg","image/jpeg","","","1780","792","/about-me/","B","generic or unverified; hold from design","audit/media-originals/bg-13.jpg","186925","ok"
"1451","https://monirgroupbd.com/wp-content/uploads/2022/06/bg-12.jpg","image/jpeg","","","1920","535","","B","generic or unverified; hold from design","audit/media-originals/bg-12.jpg","57315","ok"
"1450","https://monirgroupbd.com/wp-content/uploads/2022/06/bg-11.jpg","image/jpeg","","","1920","1200","","B","generic or unverified; hold from design","audit/media-originals/bg-11.jpg","348440","ok"
"1449","https://monirgroupbd.com/wp-content/uploads/2022/06/bg-10.jpg","image/jpeg","","","1920","1090","","B","generic or unverified; hold from design","audit/media-originals/bg-10.jpg","441112","ok"
"1448","https://monirgroupbd.com/wp-content/uploads/2022/06/shape-top-2.png","image/png","","","1920","39","/services/planet-earth-safety/ | /services/organic-fresh-fruits/ | /services/fresh-pond-sea-fish/ | /services/fresh-wheat-sack-food/ | /services/fresh-organic-vegetable/ | /services/ | /events-page/","B","generic or unverified; hold from design","audit/media-originals/shape-top-2.png","729","ok"
"1446","https://monirgroupbd.com/wp-content/uploads/2022/06/image-20.jpg","image/jpeg","","","525","665","","B","generic or unverified; hold from design","audit/media-originals/image-20.jpg","46402","ok"
"1444","https://monirgroupbd.com/wp-content/uploads/2022/06/avatar-2.jpg","image/jpeg","","","145","165","","B","generic or unverified; hold from design","audit/media-originals/avatar-2.jpg","4993","ok"
"1443","https://monirgroupbd.com/wp-content/uploads/2022/06/testimonial-logo.png","image/png","","","197","45","","C","exclude: third-party or theme logo; not evidence of endorsement","audit/media-originals/testimonial-logo.png","1861","ok"
"1442","https://monirgroupbd.com/wp-content/uploads/2022/06/image-19.jpg","image/jpeg","","","880","896","/service-3/ | /testimonials/ | /services/ | /home-4/","B","generic or unverified; hold from design","audit/media-originals/image-19.jpg","103664","ok"
"1441","https://monirgroupbd.com/wp-content/uploads/2022/06/bg-5.jpg","image/jpeg","","","1000","300","","B","generic or unverified; hold from design","audit/media-originals/bg-5.jpg","44372","ok"
"1440","https://monirgroupbd.com/wp-content/uploads/2022/06/bg-6.jpg","image/jpeg","","","1000","300","","B","generic or unverified; hold from design","audit/media-originals/bg-6.jpg","78989","ok"
"1439","https://monirgroupbd.com/wp-content/uploads/2022/06/slider-8.jpg","image/jpeg","","","1920","896","","B","generic or unverified; hold from design","audit/media-originals/slider-8.jpg","66471","ok"
"1438","https://monirgroupbd.com/wp-content/uploads/2022/06/slider-7.jpg","image/jpeg","","","1920","895","","B","generic or unverified; hold from design","audit/media-originals/slider-7.jpg","102389","ok"
"1437","https://monirgroupbd.com/wp-content/uploads/2022/06/layer-1.png","image/png","","","655","548","","B","generic or unverified; hold from design","audit/media-originals/layer-1.png","2642","ok"
"1436","https://monirgroupbd.com/wp-content/uploads/2021/11/logo-3.png","image/png","","","117","118","","C","exclude: third-party or theme logo; not evidence of endorsement","audit/media-originals/logo-3.png","4824","ok"
"1432","https://monirgroupbd.com/wp-content/uploads/2022/05/slider-6.jpg","image/jpeg","","","1920","900","","B","generic or unverified; hold from design","audit/media-originals/slider-6.jpg","151206","ok"
"1428","https://monirgroupbd.com/wp-content/uploads/2022/04/bg-4.jpg","image/jpeg","","","1920","612","","B","generic or unverified; hold from design","audit/media-originals/bg-4.jpg","94300","ok"
"1427","https://monirgroupbd.com/wp-content/uploads/2022/04/image-18.jpg","image/jpeg","","","365","275","/home-4/","B","generic or unverified; hold from design","audit/media-originals/image-18.jpg","13277","ok"
"1426","https://monirgroupbd.com/wp-content/uploads/2022/04/image-17.jpg","image/jpeg","","","470","460","/home-4/","B","generic or unverified; hold from design","audit/media-originals/image-17.jpg","22610","ok"
"1425","https://monirgroupbd.com/wp-content/uploads/2022/04/icon-service-5.png","image/png","","","130","150","/home-4/","B","generic or unverified; hold from design","audit/media-originals/icon-service-5.png","3771","ok"
"1424","https://monirgroupbd.com/wp-content/uploads/2022/04/icon-service-4.png","image/png","","","147","150","/home-4/","B","generic or unverified; hold from design","audit/media-originals/icon-service-4.png","3619","ok"
"1423","https://monirgroupbd.com/wp-content/uploads/2022/04/icon-service-3.png","image/png","","","122","150","/home-4/","B","generic or unverified; hold from design","audit/media-originals/icon-service-3.png","2900","ok"
"1422","https://monirgroupbd.com/wp-content/uploads/2022/04/icon-service-2.png","image/png","","","131","150","/home-4/","B","generic or unverified; hold from design","audit/media-originals/icon-service-2.png","3742","ok"
"1421","https://monirgroupbd.com/wp-content/uploads/2022/04/icon-service-1.png","image/png","","","148","150","/home-4/","B","generic or unverified; hold from design","audit/media-originals/icon-service-1.png","4311","ok"
"1420","https://monirgroupbd.com/wp-content/uploads/2022/04/icon-sevice-6.png","image/png","","","161","150","/home-4/","B","generic or unverified; hold from design","audit/media-originals/icon-sevice-6.png","5386","ok"
"1419","https://monirgroupbd.com/wp-content/uploads/2022/04/icon-service-8.png","image/png","","","133","150","","B","generic or unverified; hold from design","audit/media-originals/icon-service-8.png","3792","ok"
"1418","https://monirgroupbd.com/wp-content/uploads/2022/04/icon-service-7.png","image/png","","","147","150","/home-4/","B","generic or unverified; hold from design","audit/media-originals/icon-service-7.png","3364","ok"
"1417","https://monirgroupbd.com/wp-content/uploads/2022/04/image-16.jpg","image/jpeg","","","470","666","/home-4/","B","generic or unverified; hold from design","audit/media-originals/image-16.jpg","55096","ok"
"1415","https://monirgroupbd.com/wp-content/uploads/2022/04/image-13.jpg","image/jpeg","","","366","276","/monir-poultry-feed-industries-limited/ | /home-2/ | /service-3/ | /portfolio-3/ | /case/golder-sunflower/ | /case/organic-wheats/ | /case/fresh-wheat-food/ | /case/fresh-organic-vegetable/ | /case/golder-wheat/ | /case/organic-cow/ | /case/organic-grap/ | /case/fresh-chicken/","B","generic or unverified; hold from design","audit/media-originals/image-13.jpg","23319","ok"
"1414","https://monirgroupbd.com/wp-content/uploads/2022/04/image-12.jpg","image/jpeg","","","470","460","/monir-poultry-feed-industries-limited/ | /home-2/ | /service-3/ | /portfolio-3/ | /case/golder-sunflower/ | /case/organic-wheats/ | /case/fresh-wheat-food/ | /case/fresh-organic-vegetable/ | /case/golder-wheat/ | /case/organic-cow/ | /case/organic-grap/ | /case/fresh-chicken/","B","generic or unverified; hold from design","audit/media-originals/image-12.jpg","35984","ok"
"1413","https://monirgroupbd.com/wp-content/uploads/2022/04/bg-2.jpg","image/jpeg","","","1920","1080","","B","generic or unverified; hold from design","audit/media-originals/bg-2.jpg","149907","ok"
"1412","https://monirgroupbd.com/wp-content/uploads/2022/04/icon-heading-black.png","image/png","","","39","45","","B","generic or unverified; hold from design","audit/media-originals/icon-heading-black.png","570","ok"
"1411","https://monirgroupbd.com/wp-content/uploads/2022/04/icon-chicken-leg.png","image/png","","","128","128","","B","generic or unverified; hold from design","audit/media-originals/icon-chicken-leg.png","1969","ok"
"1409","https://monirgroupbd.com/wp-content/uploads/2022/04/icon-fish.png","image/png","","","128","128","","B","generic or unverified; hold from design","audit/media-originals/icon-fish.png","1658","ok"
"1408","https://monirgroupbd.com/wp-content/uploads/2022/04/icon-dragon-fruit-2.png","image/png","","","128","128","","B","generic or unverified; hold from design","audit/media-originals/icon-dragon-fruit-2.png","4426","ok"
"1407","https://monirgroupbd.com/wp-content/uploads/2022/04/icon-steak.png","image/png","","","128","128","","B","generic or unverified; hold from design","audit/media-originals/icon-steak.png","1882","ok"
"1406","https://monirgroupbd.com/wp-content/uploads/2022/04/icon-salad.png","image/png","","","128","128","","B","generic or unverified; hold from design","audit/media-originals/icon-salad.png","3898","ok"
"1405","https://monirgroupbd.com/wp-content/uploads/2022/04/icon-raspberries.png","image/png","","","128","128","","B","generic or unverified; hold from design","audit/media-originals/icon-raspberries.png","3587","ok"
"1404","https://monirgroupbd.com/wp-content/uploads/2022/04/brand-w2.png","image/png","","","156","80","","B","generic or unverified; hold from design","audit/media-originals/brand-w2.png","2170","ok"
"1403","https://monirgroupbd.com/wp-content/uploads/2022/04/brand-w1.png","image/png","","","89","80","","B","generic or unverified; hold from design","audit/media-originals/brand-w1.png","1796","ok"
"1402","https://monirgroupbd.com/wp-content/uploads/2022/04/brand-w6.png","image/png","","","165","80","","B","generic or unverified; hold from design","audit/media-originals/brand-w6.png","2754","ok"
"1401","https://monirgroupbd.com/wp-content/uploads/2022/04/brand-w5.png","image/png","","","151","80","","B","generic or unverified; hold from design","audit/media-originals/brand-w5.png","2994","ok"
"1400","https://monirgroupbd.com/wp-content/uploads/2022/04/brand-w4.png","image/png","","","140","80","","B","generic or unverified; hold from design","audit/media-originals/brand-w4.png","1910","ok"
"1399","https://monirgroupbd.com/wp-content/uploads/2022/04/brand-w3.png","image/png","","","80","80","","B","generic or unverified; hold from design","audit/media-originals/brand-w3.png","2107","ok"
"1397","https://monirgroupbd.com/wp-content/uploads/2022/04/image-10.jpg","image/jpeg","","","650","770","/home-3/","B","generic or unverified; hold from design","audit/media-originals/image-10.jpg","88247","ok"
"1396","https://monirgroupbd.com/wp-content/uploads/2022/04/image-7.jpg","image/jpeg","","","197","197","/home-2/","B","generic or unverified; hold from design","audit/media-originals/image-7.jpg","10100","ok"
"1394","https://monirgroupbd.com/wp-content/uploads/2022/04/icon-carrot.png","image/png","","","128","128","","B","generic or unverified; hold from design","audit/media-originals/icon-carrot.png","2640","ok"
"1393","https://monirgroupbd.com/wp-content/uploads/2022/04/icon-avocado.png","image/png","","","128","128","","B","generic or unverified; hold from design","audit/media-originals/icon-avocado.png","1690","ok"
"1392","https://monirgroupbd.com/wp-content/uploads/2022/04/icon-onion.png","image/png","","","128","128","","B","generic or unverified; hold from design","audit/media-originals/icon-onion.png","2299","ok"
"1391","https://monirgroupbd.com/wp-content/uploads/2022/04/icon-no-meat.png","image/png","","","128","128","","B","generic or unverified; hold from design","audit/media-originals/icon-no-meat.png","3917","ok"
"1390","https://monirgroupbd.com/wp-content/uploads/2022/04/icon-dragon-fruit.png","image/png","","","128","128","","B","generic or unverified; hold from design","audit/media-originals/icon-dragon-fruit.png","2127","ok"
"1389","https://monirgroupbd.com/wp-content/uploads/2022/04/icon-cow.png","image/png","","","128","128","","B","generic or unverified; hold from design","audit/media-originals/icon-cow.png","3288","ok"
"1388","https://monirgroupbd.com/wp-content/uploads/2022/04/icon-corn.png","image/png","","","128","143","","B","generic or unverified; hold from design","audit/media-originals/icon-corn.png","1689","ok"
"1387","https://monirgroupbd.com/wp-content/uploads/2022/04/image-3.jpg","image/jpeg","","","600","825","/services/","B","generic or unverified; hold from design","audit/media-originals/image-3.jpg","66710","ok"
"1377","https://monirgroupbd.com/wp-content/uploads/2022/04/bg-1.jpg","image/jpeg","","","1920","1280","","B","generic or unverified; hold from design","audit/media-originals/bg-1.jpg","189785","ok"
"1376","https://monirgroupbd.com/wp-content/uploads/2022/04/shape-top.png","image/png","","","1920","39","","B","generic or unverified; hold from design","audit/media-originals/shape-top.png","1393","ok"
"1375","https://monirgroupbd.com/wp-content/uploads/2022/04/shape-bottom.png","image/png","","","1920","39","","B","generic or unverified; hold from design","audit/media-originals/shape-bottom.png","978","ok"
"1373","https://monirgroupbd.com/wp-content/uploads/2022/04/image-2.jpg","image/jpeg","","","250","350","","B","generic or unverified; hold from design","audit/media-originals/image-2.jpg","13767","ok"
"1363","https://monirgroupbd.com/wp-content/uploads/2022/01/team.jpg","image/jpeg","","","301","440","/about-me/","B","generic or unverified; hold from design","audit/media-originals/team.jpg","40119","ok"
"1305","https://monirgroupbd.com/wp-content/uploads/2022/01/slider-5.jpg","image/jpeg","","","1920","900","","B","generic or unverified; hold from design","audit/media-originals/slider-5.jpg","116715","ok"
"1304","https://monirgroupbd.com/wp-content/uploads/2022/01/slider-4.jpg","image/jpeg","","","1920","900","/services/planet-earth-safety/ | /services/organic-fresh-fruits/ | /services/fresh-pond-sea-fish/ | /services/fresh-wheat-sack-food/ | /services/cows-meat-and-milk/ | /services/fresh-organic-vegetable/","B","generic or unverified; hold from design","audit/media-originals/slider-4.jpg","157605","ok"
"1297","https://monirgroupbd.com/wp-content/uploads/2022/01/slider-3.jpg","image/jpeg","","","1920","910","","B","generic or unverified; hold from design","audit/media-originals/slider-3.jpg","159196","ok"
"1293","https://monirgroupbd.com/wp-content/uploads/2022/01/brand-white.png","image/png","","","123","24","","B","generic or unverified; hold from design","audit/media-originals/brand-white.png","648","ok"
"1279","https://monirgroupbd.com/wp-content/uploads/2022/01/image-9.jpg","image/jpeg","","","650","770","","B","generic or unverified; hold from design","audit/media-originals/image-9.jpg","67680","ok"
"1278","https://monirgroupbd.com/wp-content/uploads/2022/01/image-8.jpg","image/jpeg","","","650","770","","B","generic or unverified; hold from design","audit/media-originals/image-8.jpg","48671","ok"
"1277","https://monirgroupbd.com/wp-content/uploads/2022/01/image-14.jpg","image/jpeg","","","340","511","/home-3/ | /service-2/","B","generic or unverified; hold from design","audit/media-originals/image-14.jpg","39685","ok"
"1268","https://monirgroupbd.com/wp-content/uploads/2022/01/bg-3.jpg","image/jpeg","","","1920","1020","","B","generic or unverified; hold from design","audit/media-originals/bg-3.jpg","352047","ok"
"1265","https://monirgroupbd.com/wp-content/uploads/2021/12/image-6.jpg","image/jpeg","","","197","228","/home-2/","B","generic or unverified; hold from design","audit/media-originals/image-6.jpg","10021","ok"
"1263","https://monirgroupbd.com/wp-content/uploads/2021/12/image-5.jpg","image/jpeg","","","195","230","/home-2/","B","generic or unverified; hold from design","audit/media-originals/image-5.jpg","7951","ok"
"1262","https://monirgroupbd.com/wp-content/uploads/2021/12/image-4.jpg","image/jpeg","","","248","288","/home-2/","B","generic or unverified; hold from design","audit/media-originals/image-4.jpg","12347","ok"
"1259","https://monirgroupbd.com/wp-content/uploads/2021/12/bg-map.png","image/png","","","1169","566","","B","generic or unverified; hold from design","audit/media-originals/bg-map.png","8924","ok"
"1255","https://monirgroupbd.com/wp-content/uploads/2021/12/slider-2.jpg","image/jpeg","","","1920","910","","B","generic or unverified; hold from design","audit/media-originals/slider-2.jpg","157345","ok"
"1254","https://monirgroupbd.com/wp-content/uploads/2021/12/slider-1.jpg","image/jpeg","","","1920","910","","B","generic or unverified; hold from design","audit/media-originals/slider-1.jpg","143776","ok"
"1211","https://monirgroupbd.com/wp-content/uploads/2021/10/image-11.jpg","image/jpeg","","","650","770","","B","generic or unverified; hold from design","audit/media-originals/image-11.jpg","42642","ok"
"1203","https://monirgroupbd.com/wp-content/uploads/2021/12/bg-9.jpg","image/jpeg","","","1920","535","/2024/01/27/high-quality-maize-any-time-delivery-of-our-godown-in-gazipur/ | /2024/01/27/high-quality-fishh-meal-any-time-delivery-of-our-godown-in-gazipur/ | /2024/01/27/high-qualityhigh-protein-soya-mealcity-nabilany-time-delivery-of-our-godown-in-gazipur/","B","generic or unverified; hold from design","audit/media-originals/bg-9.jpg","197516","ok"
"1168","https://monirgroupbd.com/wp-content/uploads/2021/11/logo-white.png","image/png","","","282","80","","C","exclude: third-party or theme logo; not evidence of endorsement","audit/media-originals/logo-white.png","4315","ok"
"1120","https://monirgroupbd.com/wp-content/uploads/2021/11/avatar.jpg","image/jpeg","","","270","292","/portfolio-2/ | /home-4/","B","generic or unverified; hold from design","audit/media-originals/avatar.jpg","2179","ok"
"1028","https://monirgroupbd.com/wp-content/uploads/2021/10/testimonial-4.jpg","image/jpeg","","","232","232","","B","generic or unverified; hold from design","audit/media-originals/testimonial-4.jpg","7457","ok"
"1008","https://monirgroupbd.com/wp-content/uploads/2021/10/breadcrumb.jpg","image/jpeg","","","1920","534","/contact-2/ | /contact-us/ | /about-us/ | /our-services/ | /shop-2/ | /my-account/ | /checkout/ | /cart/ | /shop/ | /sample-page/ | /our-awards/ | /our-partner/ | /news/ | /my-account-2/ | /checkout-2/ | /cart-2/ | /team-of-experts/ | /our-clients/ | /72-2/ | /home/ | /case/golder-sunflower/ | /case/organic-wheats/ | /case/fresh-wheat-food/ | /case/fresh-organic-vegetable/ | /case/golder-wheat/ | /case/organic-cow/ | /case/organic-grap/ | /case/fresh-chicken/ | /category/uncategorized/ | /category-portfolio/fruits/ | /category-portfolio/milk-meats/ | /category-portfolio/sea-fish/ | /category-portfolio/vegetables/","B","generic or unverified; hold from design","audit/media-originals/breadcrumb.jpg","137488","ok"
"923","https://monirgroupbd.com/wp-content/uploads/2021/09/testimonial-1.jpg","image/jpeg","","","232","232","","B","generic or unverified; hold from design","audit/media-originals/testimonial-1.jpg","5805","ok"
"922","https://monirgroupbd.com/wp-content/uploads/2021/09/testimonial-3.jpg","image/jpeg","","","232","232","","B","generic or unverified; hold from design","audit/media-originals/testimonial-3.jpg","5175","ok"
"921","https://monirgroupbd.com/wp-content/uploads/2021/09/testimonial-2.jpg","image/jpeg","","","232","232","","B","generic or unverified; hold from design","audit/media-originals/testimonial-2.jpg","6887","ok"
"832","https://monirgroupbd.com/wp-content/uploads/2021/05/awards-3.jpg","image/jpeg","","","200","100","/our-awards/","B","generic or unverified; hold from design","audit/media-originals/awards-3.jpg","2864","ok"
"831","https://monirgroupbd.com/wp-content/uploads/2021/05/awards-2.jpg","image/jpeg","","","200","100","/our-awards/","B","generic or unverified; hold from design","audit/media-originals/awards-2.jpg","2598","ok"
"830","https://monirgroupbd.com/wp-content/uploads/2021/05/awards-1.jpg","image/jpeg","","","200","100","/our-awards/","B","generic or unverified; hold from design","audit/media-originals/awards-1.jpg","2699","ok"
"829","https://monirgroupbd.com/wp-content/uploads/2021/05/awards-4.jpg","image/jpeg","","","200","100","/our-awards/","B","generic or unverified; hold from design","audit/media-originals/awards-4.jpg","3705","ok"
"826","https://monirgroupbd.com/wp-content/uploads/2021/05/partner-4.jpg","image/jpeg","","","270","101","/our-partner/","B","generic or unverified; hold from design","audit/media-originals/partner-4.jpg","3231","ok"
"825","https://monirgroupbd.com/wp-content/uploads/2021/05/partner-2.jpg","image/jpeg","","","270","101","/our-partner/","B","generic or unverified; hold from design","audit/media-originals/partner-2.jpg","3252","ok"
"824","https://monirgroupbd.com/wp-content/uploads/2021/05/partner-1.jpg","image/jpeg","","","270","101","/our-partner/","B","generic or unverified; hold from design","audit/media-originals/partner-1.jpg","3125","ok"
"823","https://monirgroupbd.com/wp-content/uploads/2021/05/partner-3.jpg","image/jpeg","","","270","101","/our-partner/","B","generic or unverified; hold from design","audit/media-originals/partner-3.jpg","3403","ok"
"820","https://monirgroupbd.com/wp-content/uploads/2021/05/job-5.jpg","image/jpeg","","","60","60","","B","generic or unverified; hold from design","audit/media-originals/job-5.jpg","1405","ok"
"819","https://monirgroupbd.com/wp-content/uploads/2021/05/job-4.png","image/png","","","60","60","","B","generic or unverified; hold from design","audit/media-originals/job-4.png","1175","ok"
"818","https://monirgroupbd.com/wp-content/uploads/2021/05/job-3.png","image/png","","","60","60","","B","generic or unverified; hold from design","audit/media-originals/job-3.png","815","ok"
"817","https://monirgroupbd.com/wp-content/uploads/2021/05/job-2.jpg","image/jpeg","","","65","65","","B","generic or unverified; hold from design","audit/media-originals/job-2.jpg","1198","ok"
"816","https://monirgroupbd.com/wp-content/uploads/2021/05/job-1.jpg","image/jpeg","","","45","63","","B","generic or unverified; hold from design","audit/media-originals/job-1.jpg","977","ok"
"761","https://monirgroupbd.com/wp-content/uploads/2020/12/post-6.jpg","image/jpeg","","","1000","800","/services/planet-earth-safety/ | /services/organic-fresh-fruits/ | /services/fresh-pond-sea-fish/ | /services/fresh-wheat-sack-food/ | /services/cows-meat-and-milk/ | /services/fresh-organic-vegetable/","B","generic or unverified; hold from design","audit/media-originals/post-6.jpg","146777","ok"
"760","https://monirgroupbd.com/wp-content/uploads/2020/12/post-5.jpg","image/jpeg","","","1000","800","/services/planet-earth-safety/ | /services/organic-fresh-fruits/ | /services/fresh-pond-sea-fish/ | /services/fresh-wheat-sack-food/ | /services/cows-meat-and-milk/ | /services/fresh-organic-vegetable/","B","generic or unverified; hold from design","audit/media-originals/post-5.jpg","93213","ok"
"759","https://monirgroupbd.com/wp-content/uploads/2020/12/post-4.jpg","image/jpeg","","","1000","800","","B","generic or unverified; hold from design","audit/media-originals/post-4.jpg","91358","ok"
"758","https://monirgroupbd.com/wp-content/uploads/2020/12/post-3.jpg","image/jpeg","","","1000","800","/services/planet-earth-safety/ | /services/organic-fresh-fruits/ | /services/fresh-pond-sea-fish/ | /services/fresh-wheat-sack-food/ | /services/cows-meat-and-milk/ | /services/fresh-organic-vegetable/ | /our-awards/ | /our-partner/","B","generic or unverified; hold from design","audit/media-originals/post-3.jpg","158389","ok"
"757","https://monirgroupbd.com/wp-content/uploads/2020/12/post-2.jpg","image/jpeg","","","1000","800","","B","generic or unverified; hold from design","audit/media-originals/post-2.jpg","92256","ok"
"756","https://monirgroupbd.com/wp-content/uploads/2020/12/post-1.jpg","image/jpeg","","","1000","800","","B","generic or unverified; hold from design","audit/media-originals/post-1.jpg","98583","ok"
"651","https://monirgroupbd.com/wp-content/uploads/2020/12/logo.png","image/png","","","132","272","","C","exclude: third-party or theme logo; not evidence of endorsement","audit/media-originals/logo.png","4317","ok"
"619","https://monirgroupbd.com/wp-content/uploads/2021/04/avatar.jpg","image/jpeg","","","270","292","/home-2/","B","generic or unverified; hold from design","audit/media-originals/avatar.jpg","11176","ok"
"549","https://monirgroupbd.com/wp-content/uploads/2021/03/transparent.png","image/png","","","30","30","","B","generic or unverified; hold from design","audit/media-originals/transparent.png","96","ok"
"257","https://monirgroupbd.com/wp-content/uploads/2016/02/client-4.png","image/png","a","","301","240","","B","generic or unverified; hold from design","audit/media-originals/client-4.png","2818","ok"
"256","https://monirgroupbd.com/wp-content/uploads/2016/02/client-3.png","image/png","a","","301","240","","B","generic or unverified; hold from design","audit/media-originals/client-3.png","1391","ok"
"255","https://monirgroupbd.com/wp-content/uploads/2016/02/client-2.png","image/png","a","","301","240","","B","generic or unverified; hold from design","audit/media-originals/client-2.png","2630","ok"
"254","https://monirgroupbd.com/wp-content/uploads/2016/02/client-1-1.png","image/png","a","","301","240","","B","generic or unverified; hold from design","audit/media-originals/client-1-1.png","2417","ok"
"252","https://monirgroupbd.com/wp-content/uploads/2016/02/pin-1.png","image/png","a","","38","55","","B","generic or unverified; hold from design","audit/media-originals/pin-1.png","596","ok"
"242","https://monirgroupbd.com/wp-content/uploads/2016/07/slide-1.jpg","image/jpeg","a","","1920","810","","B","generic or unverified; hold from design","audit/media-originals/slide-1.jpg","55915","ok"
"240","https://monirgroupbd.com/wp-content/uploads/2016/07/side-logo.png","image/png","a","","49","49","","C","exclude: third-party or theme logo; not evidence of endorsement","audit/media-originals/side-logo.png","203","ok"
"239","https://monirgroupbd.com/wp-content/uploads/2016/07/mobile-logo.png","image/png","a","","66","66","","C","exclude: third-party or theme logo; not evidence of endorsement","audit/media-originals/mobile-logo.png","237","ok"
"238","https://monirgroupbd.com/wp-content/uploads/2016/07/logo-sticky.png","image/png","a","","100","100","","C","exclude: third-party or theme logo; not evidence of endorsement","audit/media-originals/logo-sticky.png","294","ok"
"237","https://monirgroupbd.com/wp-content/uploads/2016/07/logo.png","image/png","a","","132","272","","C","exclude: third-party or theme logo; not evidence of endorsement","audit/media-originals/logo.png","410","ok"
"228","https://monirgroupbd.com/wp-content/uploads/2016/03/side-area-logo.png","image/png","a","","49","49","","C","exclude: third-party or theme logo; not evidence of endorsement","audit/media-originals/side-area-logo.png","202","ok"
"223","https://monirgroupbd.com/wp-content/uploads/2016/03/slide3.jpg","image/jpeg","a","","1920","810","","B","generic or unverified; hold from design","audit/media-originals/slide3.jpg","99781","ok"
"221","https://monirgroupbd.com/wp-content/uploads/2016/03/slide2.jpg","image/jpeg","a","","1920","810","","B","generic or unverified; hold from design","audit/media-originals/slide2.jpg","120839","ok"
"219","https://monirgroupbd.com/wp-content/uploads/2016/03/sticky-logo.png","image/png","a","","100","100","","C","exclude: third-party or theme logo; not evidence of endorsement","audit/media-originals/sticky-logo.png","294","ok"
"215","https://monirgroupbd.com/wp-content/uploads/2016/02/title-image-1.jpg","image/jpeg","a","","1920","421","","B","generic or unverified; hold from design","audit/media-originals/title-image-1.jpg","55898","ok"
"212","https://monirgroupbd.com/wp-content/uploads/2016/02/services3.jpg","image/jpeg","a","","541","370","","B","generic or unverified; hold from design","audit/media-originals/services3.jpg","34900","ok"
"205","https://monirgroupbd.com/wp-content/uploads/2016/02/services2.jpg","image/jpeg","a","","541","370","","B","generic or unverified; hold from design","audit/media-originals/services2.jpg","31214","ok"
"192","https://monirgroupbd.com/wp-content/uploads/2016/02/mobile-logo.png","image/png","a","","66","66","","C","exclude: third-party or theme logo; not evidence of endorsement","audit/media-originals/mobile-logo.png","237","ok"
"164","https://monirgroupbd.com/wp-content/uploads/2016/02/pin.png","image/png","a","","38","55","","B","generic or unverified; hold from design","audit/media-originals/pin.png","596","ok"
"148","https://monirgroupbd.com/wp-content/uploads/2016/02/team4.jpg","image/jpeg","a","","301","440","","B","generic or unverified; hold from design","audit/media-originals/team4.jpg","12969","ok"
"146","https://monirgroupbd.com/wp-content/uploads/2016/02/team3.jpg","image/jpeg","a","","301","440","","B","generic or unverified; hold from design","audit/media-originals/team3.jpg","11621","ok"
"145","https://monirgroupbd.com/wp-content/uploads/2016/02/team2.jpg","image/jpeg","a","","301","440","","B","generic or unverified; hold from design","audit/media-originals/team2.jpg","14270","ok"
"144","https://monirgroupbd.com/wp-content/uploads/2016/02/team.jpg","image/jpeg","a","","301","440","","B","generic or unverified; hold from design","audit/media-originals/team.jpg","12735","ok"
"137","https://monirgroupbd.com/wp-content/uploads/2016/02/services.jpg","image/jpeg","a","","541","370","","B","generic or unverified; hold from design","audit/media-originals/services.jpg","29277","ok"
"128","https://monirgroupbd.com/wp-content/uploads/2016/02/client4-1.png","image/png","a","","301","240","","B","generic or unverified; hold from design","audit/media-originals/client4-1.png","2894","ok"
"127","https://monirgroupbd.com/wp-content/uploads/2016/02/client3-1.png","image/png","a","","301","240","","B","generic or unverified; hold from design","audit/media-originals/client3-1.png","1456","ok"
"126","https://monirgroupbd.com/wp-content/uploads/2016/02/client2-1.png","image/png","a","","301","240","","B","generic or unverified; hold from design","audit/media-originals/client2-1.png","2707","ok"
"125","https://monirgroupbd.com/wp-content/uploads/2016/02/client-1.png","image/png","a","","301","240","","B","generic or unverified; hold from design","audit/media-originals/client-1.png","2501","ok"
"118","https://monirgroupbd.com/wp-content/uploads/2016/02/about6.jpg","image/jpeg","a","","600","364","","B","generic or unverified; hold from design","audit/media-originals/about6.jpg","17651","ok"
"116","https://monirgroupbd.com/wp-content/uploads/2016/02/about5.jpg","image/jpeg","a","","600","364","","B","generic or unverified; hold from design","audit/media-originals/about5.jpg","35068","ok"
"114","https://monirgroupbd.com/wp-content/uploads/2016/02/about4.jpg","image/jpeg","a","","600","364","","B","generic or unverified; hold from design","audit/media-originals/about4.jpg","34747","ok"
"111","https://monirgroupbd.com/wp-content/uploads/2016/02/title-image.jpg","image/jpeg","a","","1920","299","","B","generic or unverified; hold from design","audit/media-originals/title-image.jpg","40093","ok"
"106","https://monirgroupbd.com/wp-content/uploads/2016/02/about.jpg","image/jpeg","a","","600","364","","B","generic or unverified; hold from design","audit/media-originals/about.jpg","35969","ok"
"105","https://monirgroupbd.com/wp-content/uploads/2016/02/about2.jpg","image/jpeg","a","","600","364","","B","generic or unverified; hold from design","audit/media-originals/about2.jpg","34143","ok"
"104","https://monirgroupbd.com/wp-content/uploads/2016/02/about3.jpg","image/jpeg","a","","600","364","","B","generic or unverified; hold from design","audit/media-originals/about3.jpg","43463","ok"
"84","https://monirgroupbd.com/wp-content/uploads/2016/02/logo.png","image/png","","","132","272","","C","exclude: third-party or theme logo; not evidence of endorsement","audit/media-originals/logo.png","410","ok"
"78","https://monirgroupbd.com/wp-content/uploads/2016/02/slide1.jpg","image/jpeg","a","","1920","810","","B","generic or unverified; hold from design","audit/media-originals/slide1.jpg","109385","ok"
"71","https://monirgroupbd.com/wp-content/uploads/2016/02/footer-logo.png","image/png","a","","66","66","","C","exclude: third-party or theme logo; not evidence of endorsement","audit/media-originals/footer-logo.png","237","ok"
"64","https://monirgroupbd.com/wp-content/uploads/2016/02/client4b.png","image/png","a","","214","80","","B","generic or unverified; hold from design","audit/media-originals/client4b.png","2041","ok"
"63","https://monirgroupbd.com/wp-content/uploads/2016/02/client4.png","image/png","a","","214","80","","B","generic or unverified; hold from design","audit/media-originals/client4.png","1757","ok"
"62","https://monirgroupbd.com/wp-content/uploads/2016/02/client3b.png","image/png","a","","214","80","","B","generic or unverified; hold from design","audit/media-originals/client3b.png","1304","ok"
"61","https://monirgroupbd.com/wp-content/uploads/2016/02/client3.png","image/png","a","","214","80","","B","generic or unverified; hold from design","audit/media-originals/client3.png","1119","ok"
"60","https://monirgroupbd.com/wp-content/uploads/2016/02/client2b.png","image/png","a","","214","80","","B","generic or unverified; hold from design","audit/media-originals/client2b.png","1683","ok"
"59","https://monirgroupbd.com/wp-content/uploads/2016/02/client2.png","image/png","a","","214","80","","B","generic or unverified; hold from design","audit/media-originals/client2.png","1472","ok"
"58","https://monirgroupbd.com/wp-content/uploads/2016/02/client1b.png","image/png","a","","214","80","","B","generic or unverified; hold from design","audit/media-originals/client1b.png","1668","ok"
"57","https://monirgroupbd.com/wp-content/uploads/2016/02/client.png","image/png","a","","214","80","","B","generic or unverified; hold from design","audit/media-originals/client.png","1434","ok"
"38","https://monirgroupbd.com/wp-content/uploads/2016/02/parallax.jpg","image/jpeg","a","","1920","990","","B","generic or unverified; hold from design","audit/media-originals/parallax.jpg","55482","ok"
"12","https://monirgroupbd.com/wp-content/uploads/2016/02/video-cover.jpg","image/jpeg","Company Intro","","541","370","","B","generic or unverified; hold from design","audit/media-originals/video-cover.jpg","30890","ok"
"","https://monirgroupbd.com/wp-content/uploads/2025/11/cropped-Monir-Group-logo-32x32.png","","","","32","32","/ | /sister-concerns/ | /products/ | /contact/ | /monir-poultry-feed-industries-limited/ | /home-2/ | /home-3/ | /contact-2/ | /contact-us/ | /about-us/ | /our-services/ | /shop-2/ | /my-account/ | /checkout/ | /cart/ | /shop/ | /sample-page/ | /service-3/ | /services/planet-earth-safety/ | /services/organic-fresh-fruits/ | /services/fresh-pond-sea-fish/ | /services/fresh-wheat-sack-food/ | /portfolio-2/ | /about-me/ | /services/cows-meat-and-milk/ | /services/fresh-organic-vegetable/ | /portfolio/ | /our-awards/ | /farmers/ | /testimonials/ | /services/ | /pricing/ | /our-partner/ | /careers/ | /events-page/ | /service-2/ | /home-4/ | /news-2/ | /news/ | /faqs/ | /gallery/ | /my-account-2/ | /checkout-2/ | /cart-2/ | /portfolio-3/ | /blog-standard/ | /team-of-experts/ | /our-clients/ | /72-2/ | /home/ | /2024/01/27/high-quality-maize-any-time-delivery-of-our-godown-in-gazipur/ | /2024/01/27/high-quality-fishh-meal-any-time-delivery-of-our-godown-in-gazipur/ | /2024/01/27/high-qualityhigh-protein-soya-mealcity-nabilany-time-delivery-of-our-godown-in-gazipur/ | /case/golder-sunflower/ | /case/organic-wheats/ | /case/fresh-wheat-food/ | /case/fresh-organic-vegetable/ | /case/golder-wheat/ | /case/organic-cow/ | /case/organic-grap/ | /case/fresh-chicken/ | /gva_template/new-header-layout/ | /gva_template/new-footer-layout/ | /gva_template/new-page-layout/ | /gva_template/new-post-single-template/ | /gva_template/crowdfunding-single-template/ | /gva_template/page-layout-header-white-2/ | /gva_template/crowdfunding-archive-template/ | /gva_template/header-white-2/ | /gva_template/new-page-layout-2/ | /gva_template/page-layout-header-transparent-2/ | /category/uncategorized/ | /category-portfolio/fruits/ | /category-portfolio/milk-meats/ | /category-portfolio/sea-fish/ | /category-portfolio/vegetables/","A","used in owner-only review; reuse permission pending","public/media/monir-group/cropped-Monir-Group-logo-32x32.png","1674","ok"
"","https://monirgroupbd.com/wp-content/uploads/2025/11/cropped-Monir-Group-logo-192x192.png","","","","192","192","/ | /sister-concerns/ | /products/ | /contact/ | /monir-poultry-feed-industries-limited/ | /home-2/ | /home-3/ | /contact-2/ | /contact-us/ | /about-us/ | /our-services/ | /shop-2/ | /my-account/ | /checkout/ | /cart/ | /shop/ | /sample-page/ | /service-3/ | /services/planet-earth-safety/ | /services/organic-fresh-fruits/ | /services/fresh-pond-sea-fish/ | /services/fresh-wheat-sack-food/ | /portfolio-2/ | /about-me/ | /services/cows-meat-and-milk/ | /services/fresh-organic-vegetable/ | /portfolio/ | /our-awards/ | /farmers/ | /testimonials/ | /services/ | /pricing/ | /our-partner/ | /careers/ | /events-page/ | /service-2/ | /home-4/ | /news-2/ | /news/ | /faqs/ | /gallery/ | /my-account-2/ | /checkout-2/ | /cart-2/ | /portfolio-3/ | /blog-standard/ | /team-of-experts/ | /our-clients/ | /72-2/ | /home/ | /2024/01/27/high-quality-maize-any-time-delivery-of-our-godown-in-gazipur/ | /2024/01/27/high-quality-fishh-meal-any-time-delivery-of-our-godown-in-gazipur/ | /2024/01/27/high-qualityhigh-protein-soya-mealcity-nabilany-time-delivery-of-our-godown-in-gazipur/ | /case/golder-sunflower/ | /case/organic-wheats/ | /case/fresh-wheat-food/ | /case/fresh-organic-vegetable/ | /case/golder-wheat/ | /case/organic-cow/ | /case/organic-grap/ | /case/fresh-chicken/ | /gva_template/new-header-layout/ | /gva_template/new-footer-layout/ | /gva_template/new-page-layout/ | /gva_template/new-post-single-template/ | /gva_template/crowdfunding-single-template/ | /gva_template/page-layout-header-white-2/ | /gva_template/crowdfunding-archive-template/ | /gva_template/header-white-2/ | /gva_template/new-page-layout-2/ | /gva_template/page-layout-header-transparent-2/ | /category/uncategorized/ | /category-portfolio/fruits/ | /category-portfolio/milk-meats/ | /category-portfolio/sea-fish/ | /category-portfolio/vegetables/","A","brand/person candidate; owner approval required","audit/media-originals/cropped-Monir-Group-logo-192x192.png","12455","ok"
"","https://monirgroupbd.com/wp-content/uploads/2025/11/cropped-Monir-Group-logo-180x180.png","","","","180","180","/ | /sister-concerns/ | /products/ | /contact/ | /monir-poultry-feed-industries-limited/ | /home-2/ | /home-3/ | /contact-2/ | /contact-us/ | /about-us/ | /our-services/ | /shop-2/ | /my-account/ | /checkout/ | /cart/ | /shop/ | /sample-page/ | /service-3/ | /services/planet-earth-safety/ | /services/organic-fresh-fruits/ | /services/fresh-pond-sea-fish/ | /services/fresh-wheat-sack-food/ | /portfolio-2/ | /about-me/ | /services/cows-meat-and-milk/ | /services/fresh-organic-vegetable/ | /portfolio/ | /our-awards/ | /farmers/ | /testimonials/ | /services/ | /pricing/ | /our-partner/ | /careers/ | /events-page/ | /service-2/ | /home-4/ | /news-2/ | /news/ | /faqs/ | /gallery/ | /my-account-2/ | /checkout-2/ | /cart-2/ | /portfolio-3/ | /blog-standard/ | /team-of-experts/ | /our-clients/ | /72-2/ | /home/ | /2024/01/27/high-quality-maize-any-time-delivery-of-our-godown-in-gazipur/ | /2024/01/27/high-quality-fishh-meal-any-time-delivery-of-our-godown-in-gazipur/ | /2024/01/27/high-qualityhigh-protein-soya-mealcity-nabilany-time-delivery-of-our-godown-in-gazipur/ | /case/golder-sunflower/ | /case/organic-wheats/ | /case/fresh-wheat-food/ | /case/fresh-organic-vegetable/ | /case/golder-wheat/ | /case/organic-cow/ | /case/organic-grap/ | /case/fresh-chicken/ | /gva_template/new-header-layout/ | /gva_template/new-footer-layout/ | /gva_template/new-page-layout/ | /gva_template/new-post-single-template/ | /gva_template/crowdfunding-single-template/ | /gva_template/page-layout-header-white-2/ | /gva_template/crowdfunding-archive-template/ | /gva_template/header-white-2/ | /gva_template/new-page-layout-2/ | /gva_template/page-layout-header-transparent-2/ | /category/uncategorized/ | /category-portfolio/fruits/ | /category-portfolio/milk-meats/ | /category-portfolio/sea-fish/ | /category-portfolio/vegetables/","A","brand/person candidate; owner approval required","audit/media-originals/cropped-Monir-Group-logo-180x180.png","11542","ok"
"","https://monirgroupbd.com/wp-content/uploads/2025/11/cropped-Monir-Group-logo-270x270.png","","","","270","270","/ | /sister-concerns/ | /products/ | /contact/ | /monir-poultry-feed-industries-limited/ | /home-2/ | /home-3/ | /contact-2/ | /contact-us/ | /about-us/ | /our-services/ | /shop-2/ | /my-account/ | /checkout/ | /cart/ | /shop/ | /sample-page/ | /service-3/ | /services/planet-earth-safety/ | /services/organic-fresh-fruits/ | /services/fresh-pond-sea-fish/ | /services/fresh-wheat-sack-food/ | /portfolio-2/ | /about-me/ | /services/cows-meat-and-milk/ | /services/fresh-organic-vegetable/ | /portfolio/ | /our-awards/ | /farmers/ | /testimonials/ | /services/ | /pricing/ | /our-partner/ | /careers/ | /events-page/ | /service-2/ | /home-4/ | /news-2/ | /news/ | /faqs/ | /gallery/ | /my-account-2/ | /checkout-2/ | /cart-2/ | /portfolio-3/ | /blog-standard/ | /team-of-experts/ | /our-clients/ | /72-2/ | /home/ | /2024/01/27/high-quality-maize-any-time-delivery-of-our-godown-in-gazipur/ | /2024/01/27/high-quality-fishh-meal-any-time-delivery-of-our-godown-in-gazipur/ | /2024/01/27/high-qualityhigh-protein-soya-mealcity-nabilany-time-delivery-of-our-godown-in-gazipur/ | /case/golder-sunflower/ | /case/organic-wheats/ | /case/fresh-wheat-food/ | /case/fresh-organic-vegetable/ | /case/golder-wheat/ | /case/organic-cow/ | /case/organic-grap/ | /case/fresh-chicken/ | /gva_template/new-header-layout/ | /gva_template/new-footer-layout/ | /gva_template/new-page-layout/ | /gva_template/new-post-single-template/ | /gva_template/crowdfunding-single-template/ | /gva_template/page-layout-header-white-2/ | /gva_template/crowdfunding-archive-template/ | /gva_template/header-white-2/ | /gva_template/new-page-layout-2/ | /gva_template/page-layout-header-transparent-2/ | /category/uncategorized/ | /category-portfolio/fruits/ | /category-portfolio/milk-meats/ | /category-portfolio/sea-fish/ | /category-portfolio/vegetables/","A","brand/person candidate; owner approval required","audit/media-originals/cropped-Monir-Group-logo-270x270.png","18643","ok"
"","https://monirgroupbd.com/wp-content/plugins/orgarium-themer/elementor/assets/images/icon-heading.png","","","","39","45","/ | /sister-concerns/ | /contact/ | /monir-poultry-feed-industries-limited/ | /home-2/ | /home-3/ | /contact-2/ | /service-3/ | /services/planet-earth-safety/ | /services/organic-fresh-fruits/ | /services/fresh-pond-sea-fish/ | /services/fresh-wheat-sack-food/ | /portfolio-2/ | /services/cows-meat-and-milk/ | /services/fresh-organic-vegetable/ | /portfolio/ | /farmers/ | /testimonials/ | /services/ | /pricing/ | /careers/ | /events-page/ | /service-2/ | /home-4/ | /faqs/ | /portfolio-3/ | /case/golder-sunflower/ | /case/organic-wheats/ | /case/fresh-wheat-food/ | /case/fresh-organic-vegetable/ | /case/golder-wheat/ | /case/organic-cow/ | /case/organic-grap/ | /case/fresh-chicken/ | /gva_template/crowdfunding-archive-template/","C","hold: identity and reuse rights unconfirmed","audit/media-originals/icon-heading.png","2254","ok"
"","https://monirgroupbd.com/wp-content/uploads/2026/09/MD.-Robiul-Hasan-Monir​-811x1024.jpeg","","","","811","1024","/","A","brand/person candidate; owner approval required","audit/media-originals/MD.-Robiul-Hasan-Monir​-811x1024.jpeg","125802","ok"
"","https://monirgroupbd.com/wp-content/uploads/2026/09/MD.-Robiul-Hasan-Monir​-768x970.jpeg","","","","768","970","/","A","brand/person candidate; owner approval required","audit/media-originals/MD.-Robiul-Hasan-Monir​-768x970.jpeg","115902","ok"
"","https://monirgroupbd.com/wp-content/uploads/2021/10/monir-enterprise-e1682655219164.webp","","","","296","302","/ | /sister-concerns/ | /monir-poultry-feed-industries-limited/","A","brand/person candidate; owner approval required","audit/media-originals/monir-enterprise-e1682655219164.webp","13878","ok"
"","https://monirgroupbd.com/wp-content/uploads/2023/08/pngwing.com-jhjj1-768x465.png","","","","768","465","/ | /products/","B","catalog illustration; third-party rights unconfirmed","audit/media-originals/pngwing.com-jhjj1-768x465.png","375123","ok"
"","https://monirgroupbd.com/wp-content/uploads/2023/08/Heads-wheat-grains-1024x768.webp","","","","1024","768","/ | /products/","B","catalog illustration; third-party rights unconfirmed","audit/media-originals/Heads-wheat-grains-1024x768.webp","191832","ok"
"","https://monirgroupbd.com/wp-content/uploads/2023/08/Heads-wheat-grains-768x576.webp","","","","768","576","/ | /products/","B","catalog illustration; third-party rights unconfirmed","audit/media-originals/Heads-wheat-grains-768x576.webp","125284","ok"
"","https://monirgroupbd.com/wp-content/uploads/2023/08/Heads-wheat-grains-580x435.webp","","","","580","435","/ | /products/","B","catalog illustration; third-party rights unconfirmed","audit/media-originals/Heads-wheat-grains-580x435.webp","81838","ok"
"","https://monirgroupbd.com/wp-content/uploads/2023/04/fish-meal-580x435.webp","","","","580","435","/ | /products/ | /monir-poultry-feed-industries-limited/ | /home-2/ | /home-3/ | /home-4/ | /news-2/ | /news/ | /blog-standard/ | /2024/01/27/high-quality-fishh-meal-any-time-delivery-of-our-godown-in-gazipur/ | /category/uncategorized/","B","catalog illustration; third-party rights unconfirmed","audit/media-originals/fish-meal-580x435.webp","29010","ok"
"","https://monirgroupbd.com/wp-content/uploads/2023/04/fish-meal-600x450.webp","","","","600","450","/ | /products/ | /monir-poultry-feed-industries-limited/ | /home-2/ | /home-3/ | /home-4/ | /news/ | /blog-standard/ | /2024/01/27/high-quality-fishh-meal-any-time-delivery-of-our-godown-in-gazipur/ | /category/uncategorized/","B","catalog illustration; third-party rights unconfirmed","audit/media-originals/fish-meal-600x450.webp","30550","ok"
"","https://monirgroupbd.com/wp-content/uploads/elementor/thumbs/nourish-1-q4uzovlcwk5xdk60f64n8ho44da0wj4xf2tevivkhk.webp","","","","200","140","/","C","hold: identity and reuse rights unconfirmed","audit/media-originals/nourish-1-q4uzovlcwk5xdk60f64n8ho44da0wj4xf2tevivkhk.webp","3852","ok"
"","https://monirgroupbd.com/wp-content/uploads/elementor/thumbs/paragon-200x200-2-q4uzp18e1kdnb7xti8keng8vooi86prbfuqbr6n7g8.webp","","","","200","140","/","C","hold: identity and reuse rights unconfirmed","audit/media-originals/paragon-200x200-2-q4uzp18e1kdnb7xti8keng8vooi86prbfuqbr6n7g8.webp","5324","ok"
"","https://monirgroupbd.com/wp-content/uploads/elementor/thumbs/pran-logo-q4uzp4zqswislnscwa6wxfaq27zp1i68sdc9oahmrc.webp","","","","200","140","/","C","exclude: third-party or theme logo; not evidence of endorsement","audit/media-originals/pran-logo-q4uzp4zqswislnscwa6wxfaq27zp1i68sdc9oahmrc.webp","7878","ok"
"","https://monirgroupbd.com/wp-content/uploads/elementor/thumbs/provita-feed-1-q4uzpamrxwqijbk5zcmocdvhmj7wbosmt596jy99q0.webp","","","","200","140","/","C","hold: identity and reuse rights unconfirmed","audit/media-originals/provita-feed-1-q4uzpamrxwqijbk5zcmocdvhmj7wbosmt596jy99q0.webp","6314","ok"
"","https://monirgroupbd.com/wp-content/uploads/elementor/thumbs/quality-feed-1-q4uzpee4p8vntrepde96mcxc02pd6h7k5nv4h23p14.webp","","","","200","140","/","C","hold: identity and reuse rights unconfirmed","audit/media-originals/quality-feed-1-q4uzpee4p8vntrepde96mcxc02pd6h7k5nv4h23p14.webp","3808","ok"
"","https://monirgroupbd.com/wp-content/uploads/elementor/thumbs/12645244_1686931928258401_6286498303576996166_n-q4uzph7n9qzislalwxh2bu7ps8bgtkir61tkwvziig.webp","","","","200","140","/","C","hold: identity and reuse rights unconfirmed","audit/media-originals/12645244_1686931928258401_6286498303576996166_n-q4uzph7n9qzislalwxh2bu7ps8bgtkir61tkwvziig.webp","5336","ok"
"","https://monirgroupbd.com/wp-content/uploads/elementor/thumbs/277766219_482010920380308_194144754622179015_n-q4uzplwu7x5yen3s5hi76b10r5oaw21eup30b9sjnc.webp","","","","200","140","/","C","hold: identity and reuse rights unconfirmed","audit/media-originals/277766219_482010920380308_194144754622179015_n-q4uzplwu7x5yen3s5hi76b10r5oaw21eup30b9sjnc.webp","6396","ok"
"","https://monirgroupbd.com/wp-content/uploads/elementor/thumbs/1649621225375-200x113-1-q4uzpy4qormolkm164sckpy0h602o4dx8dkbjvafeg.webp","","","","200","140","/","C","hold: identity and reuse rights unconfirmed","audit/media-originals/1649621225375-200x113-1-q4uzpy4qormolkm164sckpy0h602o4dx8dkbjvafeg.webp","2822","ok"
"","https://monirgroupbd.com/wp-content/uploads/elementor/thumbs/aftab-feed-1-1-q4uzq0y999qjkehxpo08a78e9bm6b7p48rirzp68vs.webp","","","","200","140","/","C","hold: identity and reuse rights unconfirmed","audit/media-originals/aftab-feed-1-1-q4uzq0y999qjkehxpo08a78e9bm6b7p48rirzp68vs.webp","4034","ok"
"","https://monirgroupbd.com/wp-content/uploads/elementor/thumbs/ALIYA-ლოგო-q4uzq4pm0lvouuch3pmqk6a8mv3n6041la4pwt0o6w.webp","","","","200","140","/","C","hold: identity and reuse rights unconfirmed","audit/media-originals/ALIYA-ლოგო-q4uzq4pm0lvouuch3pmqk6a8mv3n6041la4pwt0o6w.webp","2618","ok"
"","https://monirgroupbd.com/wp-content/uploads/elementor/thumbs/aman-200x200-1-q4uzq8gyry0u5a70hr98u5c30el40siyxsqntwv3i0.webp","","","","200","140","/","C","hold: identity and reuse rights unconfirmed","audit/media-originals/aman-200x200-1-q4uzq8gyry0u5a70hr98u5c30el40siyxsqntwv3i0.webp","3826","ok"
"","https://monirgroupbd.com/wp-content/uploads/elementor/thumbs/city-200x81-1-q4uzqbahcg4p442x1ah4jmmgsk77nvu5y6p49qqwzc.webp","","","","200","140","/","C","hold: identity and reuse rights unconfirmed","audit/media-originals/city-200x81-1-q4uzqbahcg4p442x1ah4jmmgsk77nvu5y6p49qqwzc.webp","3810","ok"
"","https://monirgroupbd.com/wp-content/uploads/elementor/thumbs/cp-200x200-2-q4uzqe3zwy8k2xytktp093wukptbaz5cyknkpkmqgo.webp","","","","200","140","/","C","hold: identity and reuse rights unconfirmed","audit/media-originals/cp-200x200-2-q4uzqe3zwy8k2xytktp093wukptbaz5cyknkpkmqgo.webp","4336","ok"
"","https://monirgroupbd.com/wp-content/uploads/elementor/thumbs/download-q4uzqgxihgcf1ruq4cwvyl78cvfey2gjyym15eijy0.webp","","","","200","140","/","C","hold: identity and reuse rights unconfirmed","audit/media-originals/download-q4uzqgxihgcf1ruq4cwvyl78cvfey2gjyym15eijy0.webp","9784","ok"
"","https://monirgroupbd.com/wp-content/uploads/elementor/thumbs/download-2-200x200-1-q4uzqjr11yga0lqmnw4ro2hm511il5rqzckhl8edfc.webp","","","","200","140","/","C","hold: identity and reuse rights unconfirmed","audit/media-originals/download-2-200x200-1-q4uzqjr11yga0lqmnw4ro2hm511il5rqzckhl8edfc.webp","3550","ok"
"","https://monirgroupbd.com/wp-content/uploads/elementor/thumbs/download-200x142-2-q4uzqmkjmgk4zfmj7fcndjrzx6nm892xzqiy12a6wo.webp","","","","200","140","/","C","hold: identity and reuse rights unconfirmed","audit/media-originals/download-200x142-2-q4uzqmkjmgk4zfmj7fcndjrzx6nm892xzqiy12a6wo.webp","2102","ok"
"","https://monirgroupbd.com/wp-content/uploads/elementor/thumbs/kazi-farm-1-200x200-1-q4uzqqbwdspa9vh2lgz5nituaq5331hvc94vy64m7s.webp","","","","200","140","/","C","hold: identity and reuse rights unconfirmed","audit/media-originals/kazi-farm-1-200x200-1-q4uzqqbwdspa9vh2lgz5nituaq5331hvc94vy64m7s.webp","4234","ok"
"","https://monirgroupbd.com/wp-content/uploads/elementor/thumbs/mahbub-group-200x200-1-q4uzqu3954ufkbblzilnxhvoo9mjxtwsorqtv9z1iw.webp","","","","200","140","/","C","hold: identity and reuse rights unconfirmed","audit/media-originals/mahbub-group-200x200-1-q4uzqu3954ufkbblzilnxhvoo9mjxtwsorqtv9z1iw.webp","7754","ok"
"","https://monirgroupbd.com/wp-content/uploads/elementor/thumbs/nahar_agro_logo-200x200-1-q4uzr86tzndqegr4p6p2gwbll1p25agrqpj42fe4xk.webp","","","","200","140","/","C","exclude: third-party or theme logo; not evidence of endorsement","audit/media-originals/nahar_agro_logo-200x200-1-q4uzr86tzndqegr4p6p2gwbll1p25agrqpj42fe4xk.webp","5636","ok"
"","https://monirgroupbd.com/wp-content/uploads/elementor/thumbs/National-Feed-Mill-Limited-q4uzrdtv4nlgc4ixs94tvuwd5cx9fh35rhg0y35rw8.webp","","","","200","140","/","C","hold: identity and reuse rights unconfirmed","audit/media-originals/National-Feed-Mill-Limited-q4uzrdtv4nlgc4ixs94tvuwd5cx9fh35rhg0y35rw8.webp","4606","ok"
"","https://monirgroupbd.com/wp-content/uploads/elementor/thumbs/Jamuna-logo-q4v0c61e8s1p1qc4f8jv0m3a02hfmjlhycqiyccebc.webp","","","","200","140","/","C","exclude: third-party or theme logo; not evidence of endorsement","audit/media-originals/Jamuna-logo-q4v0c61e8s1p1qc4f8jv0m3a02hfmjlhycqiyccebc.webp","5138","ok"
"","https://monirgroupbd.com/wp-content/uploads/elementor/thumbs/meghna-group-logo-q4v0eme837end2rs3aqsizsluadxq3c9mi262cpe2g.webp","","","","200","140","/","C","exclude: third-party or theme logo; not evidence of endorsement","audit/media-originals/meghna-group-logo-q4v0eme837end2rs3aqsizsluadxq3c9mi262cpe2g.webp","5652","ok"
"","https://monirgroupbd.com/wp-content/uploads/2023/08/pngwing.com_-580x435.png","","","","580","435","/ | /monir-poultry-feed-industries-limited/ | /home-2/ | /home-3/ | /home-4/ | /news-2/ | /news/ | /category/uncategorized/","C","hold: identity and reuse rights unconfirmed","audit/media-originals/pngwing.com_-580x435.png","242539","ok"
"","https://monirgroupbd.com/wp-content/uploads/2024/01/soybean-seeds-wooden-floor-hemp-sacks-food-nutrition-concept-580x435.jpg","","","","580","435","/ | /monir-poultry-feed-industries-limited/ | /home-2/ | /home-3/ | /home-4/ | /news-2/ | /news/ | /category/uncategorized/","C","hold: identity and reuse rights unconfirmed","audit/media-originals/soybean-seeds-wooden-floor-hemp-sacks-food-nutrition-concept-580x435.jpg","79707","ok"
"","https://monirgroupbd.com/wp-content/uploads/2021/10/Transparent-file-horizontal.png","","","","","","/ | /sister-concerns/ | /products/ | /contact/ | /monir-poultry-feed-industries-limited/ | /home-2/ | /home-3/ | /contact-2/ | /contact-us/ | /about-us/ | /our-services/ | /shop-2/ | /my-account/ | /checkout/ | /cart/ | /shop/ | /sample-page/ | /service-3/ | /services/planet-earth-safety/ | /services/organic-fresh-fruits/ | /services/fresh-pond-sea-fish/ | /services/fresh-wheat-sack-food/ | /portfolio-2/ | /about-me/ | /services/cows-meat-and-milk/ | /services/fresh-organic-vegetable/ | /portfolio/ | /our-awards/ | /farmers/ | /testimonials/ | /services/ | /pricing/ | /our-partner/ | /careers/ | /events-page/ | /service-2/ | /home-4/ | /news-2/ | /news/ | /faqs/ | /gallery/ | /my-account-2/ | /checkout-2/ | /cart-2/ | /portfolio-3/ | /blog-standard/ | /team-of-experts/ | /our-clients/ | /72-2/ | /home/ | /2024/01/27/high-quality-maize-any-time-delivery-of-our-godown-in-gazipur/ | /2024/01/27/high-quality-fishh-meal-any-time-delivery-of-our-godown-in-gazipur/ | /2024/01/27/high-qualityhigh-protein-soya-mealcity-nabilany-time-delivery-of-our-godown-in-gazipur/ | /case/golder-sunflower/ | /case/organic-wheats/ | /case/fresh-wheat-food/ | /case/fresh-organic-vegetable/ | /case/golder-wheat/ | /case/organic-cow/ | /case/organic-grap/ | /case/fresh-chicken/ | /gva_template/new-footer-layout/ | /gva_template/new-page-layout/ | /gva_template/new-post-single-template/ | /gva_template/page-layout-header-white-2/ | /gva_template/crowdfunding-archive-template/ | /gva_template/new-page-layout-2/ | /gva_template/page-layout-header-transparent-2/ | /category/uncategorized/ | /category-portfolio/fruits/ | /category-portfolio/milk-meats/ | /category-portfolio/sea-fish/ | /category-portfolio/vegetables/","B","catalog illustration; third-party rights unconfirmed","","","HTTP 404"
"","https://mlshqte0xce9.i.optimole.com/w:auto/h:auto/q:mauto/f:best/https://monirgroupbd.com/wp-content/uploads/2023/04/about-cover-3.webp","","","","","","/sister-concerns/ | /contact/","C","exclude: external host","","",""
"","https://monirgroupbd.com/wp-content/uploads/2023/08/soya-meal-low-protine-175x175.jpg","","","","175","175","/products/","B","catalog illustration; third-party rights unconfirmed","audit/media-originals/soya-meal-low-protine-175x175.jpg","8251","ok"
"","https://monirgroupbd.com/wp-content/uploads/2023/08/maize-powder-768x439.jpg","","","","768","439","/products/","B","catalog illustration; third-party rights unconfirmed","audit/media-originals/maize-powder-768x439.jpg","22076","ok"
"","https://monirgroupbd.com/wp-content/uploads/2023/08/WhatsApp_Image_2023-08-15_at_12.44.42-removebg-preview-600x329.png","","","","600","329","/products/","B","catalog illustration; third-party rights unconfirmed","audit/media-originals/WhatsApp_Image_2023-08-15_at_12.44.42-removebg-preview-600x329.png","92862","ok"
"","https://monirgroupbd.com/wp-content/uploads/2023/08/diamond-khud-1024x768.jpg","","","","1024","768","/products/","B","catalog illustration; third-party rights unconfirmed","audit/media-originals/diamond-khud-1024x768.jpg","141001","ok"
"","https://monirgroupbd.com/wp-content/uploads/2023/08/diamond-khud-768x576.jpg","","","","768","576","/products/","B","catalog illustration; third-party rights unconfirmed","audit/media-originals/diamond-khud-768x576.jpg","95741","ok"
"","https://monirgroupbd.com/wp-content/uploads/2023/08/diamond-khud-580x435.jpg","","","","580","435","/products/","B","catalog illustration; third-party rights unconfirmed","audit/media-originals/diamond-khud-580x435.jpg","59380","ok"
"","https://monirgroupbd.com/wp-content/uploads/2023/08/gomer-vushi-771x1024.jpg","","","","771","1024","/products/","B","catalog illustration; third-party rights unconfirmed","audit/media-originals/gomer-vushi-771x1024.jpg","106410","ok"
"","https://monirgroupbd.com/wp-content/uploads/2023/08/gomer-vushi-768x1021.jpg","","","","768","1021","/products/","B","catalog illustration; third-party rights unconfirmed","audit/media-originals/gomer-vushi-768x1021.jpg","105963","ok"
"","https://monirgroupbd.com/wp-content/uploads/2023/08/poultry-meal-oil-1024x683.jpg","","","","1024","683","/products/","B","catalog illustration; third-party rights unconfirmed","audit/media-originals/poultry-meal-oil-1024x683.jpg","92308","ok"
"","https://monirgroupbd.com/wp-content/uploads/2023/08/poultry-meal-oil-768x512.jpg","","","","768","512","/products/","B","catalog illustration; third-party rights unconfirmed","audit/media-originals/poultry-meal-oil-768x512.jpg","58711","ok"
"","https://monirgroupbd.com/wp-content/uploads/2023/08/tiler-khoil-175x175.webp","","","","175","175","/products/","B","catalog illustration; third-party rights unconfirmed","audit/media-originals/tiler-khoil-175x175.webp","5982","ok"
"","https://monirgroupbd.com/wp-content/uploads/2023/08/white-limestone-powder-500x500-1-175x175.webp","","","","175","175","/products/","B","catalog illustration; third-party rights unconfirmed","audit/media-originals/white-limestone-powder-500x500-1-175x175.webp","1600","ok"
"","https://monirgroupbd.com/wp-content/uploads/2023/08/Corn-Powder-Sat6-175x175.webp","","","","175","175","/products/","B","catalog illustration; third-party rights unconfirmed","audit/media-originals/Corn-Powder-Sat6-175x175.webp","5974","ok"
"","https://monirgroupbd.com/wp-content/uploads/2023/08/Corn-Powder-Sat6-768x768.webp","","","","768","768","/products/","B","catalog illustration; third-party rights unconfirmed","audit/media-originals/Corn-Powder-Sat6-768x768.webp","70532","ok"
"","https://monirgroupbd.com/wp-content/uploads/2023/08/wholesale-limestone-granules-for-animal-feed-size-2-3-mm0-0528565001624542657-removebg-preview-175x175.png","","","","175","175","/products/","B","catalog illustration; third-party rights unconfirmed","audit/media-originals/wholesale-limestone-granules-for-animal-feed-size-2-3-mm0-0528565001624542657-removebg-preview-175x175.png","24400","ok"
"","https://monirgroupbd.com/wp-content/uploads/2023/11/152082924_1367146456997007_1262590600503810053_n-1024x768.jpg","","","","1024","768","/products/","B","catalog illustration; third-party rights unconfirmed","audit/media-originals/152082924_1367146456997007_1262590600503810053_n-1024x768.jpg","189611","ok"
"","https://monirgroupbd.com/wp-content/uploads/2023/11/152082924_1367146456997007_1262590600503810053_n-768x576.jpg","","","","768","576","/products/","B","catalog illustration; third-party rights unconfirmed","audit/media-originals/152082924_1367146456997007_1262590600503810053_n-768x576.jpg","119361","ok"
"","https://monirgroupbd.com/wp-content/uploads/2023/11/152082924_1367146456997007_1262590600503810053_n-580x435.jpg","","","","580","435","/products/","B","catalog illustration; third-party rights unconfirmed","audit/media-originals/152082924_1367146456997007_1262590600503810053_n-580x435.jpg","75572","ok"
"","https://monirgroupbd.com/wp-content/uploads/2023/11/WhatsApp-Image-2023-09-04-at-12.04.37_9e250d0f-e1699441449282-926x1024.jpg","","","","926","1024","/products/","B","catalog illustration; third-party rights unconfirmed","audit/media-originals/WhatsApp-Image-2023-09-04-at-12.04.37_9e250d0f-e1699441449282-926x1024.jpg","103099","ok"
"","https://monirgroupbd.com/wp-content/uploads/2023/11/WhatsApp-Image-2023-09-04-at-12.04.37_9e250d0f-e1699441449282-768x849.jpg","","","","768","849","/products/","B","catalog illustration; third-party rights unconfirmed","audit/media-originals/WhatsApp-Image-2023-09-04-at-12.04.37_9e250d0f-e1699441449282-768x849.jpg","79377","ok"
"","https://monirgroupbd.com/wp-content/uploads/2024/07/Organic_Red_Rice_25KG_RIRED2.25__70057.1640059813.1280.1280__40596-1024x1024.jpg","","","","1024","1024","/products/","B","catalog illustration; third-party rights unconfirmed","audit/media-originals/Organic_Red_Rice_25KG_RIRED2.25__70057.1640059813.1280.1280__40596-1024x1024.jpg","302738","ok"
"","https://monirgroupbd.com/wp-content/uploads/2024/07/Organic_Red_Rice_25KG_RIRED2.25__70057.1640059813.1280.1280__40596-175x175.jpg","","","","175","175","/products/","B","catalog illustration; third-party rights unconfirmed","audit/media-originals/Organic_Red_Rice_25KG_RIRED2.25__70057.1640059813.1280.1280__40596-175x175.jpg","13651","ok"
"","https://monirgroupbd.com/wp-content/uploads/2024/07/Organic_Red_Rice_25KG_RIRED2.25__70057.1640059813.1280.1280__40596-768x768.jpg","","","","768","768","/products/","B","catalog illustration; third-party rights unconfirmed","audit/media-originals/Organic_Red_Rice_25KG_RIRED2.25__70057.1640059813.1280.1280__40596-768x768.jpg","192382","ok"
"","https://monirgroupbd.com/wp-content/uploads/2024/07/shutterstock_249324025-1-1024x682.jpg","","","","1024","682","/products/","B","catalog illustration; third-party rights unconfirmed","audit/media-originals/shutterstock_249324025-1-1024x682.jpg","102114","ok"
"","https://monirgroupbd.com/wp-content/uploads/2024/07/shutterstock_249324025-1-768x512.jpg","","","","768","512","/products/","B","catalog illustration; third-party rights unconfirmed","audit/media-originals/shutterstock_249324025-1-768x512.jpg","66067","ok"
"","https://monirgroupbd.com/wp-content/uploads/2024/07/lg_atop_rice_901d160cea2269b43382ea89c88b70fd0-175x175.jpg","","","","175","175","/products/","B","catalog illustration; third-party rights unconfirmed","audit/media-originals/lg_atop_rice_901d160cea2269b43382ea89c88b70fd0-175x175.jpg","7444","ok"
"","https://monirgroupbd.com/wp-content/uploads/2024/07/AdobeStock_457626656-1024x682.webp","","","","1024","682","/products/","B","catalog illustration; third-party rights unconfirmed","audit/media-originals/AdobeStock_457626656-1024x682.webp","135272","ok"
"","https://monirgroupbd.com/wp-content/uploads/2024/07/AdobeStock_457626656-768x512.webp","","","","768","512","/products/","B","catalog illustration; third-party rights unconfirmed","audit/media-originals/AdobeStock_457626656-768x512.webp","80330","ok"
"","https://monirgroupbd.com/wp-content/uploads/2024/07/1c9f96f6747938f9a782aff597268e98-768x475.jpeg","","","","768","475","/products/","B","catalog illustration; third-party rights unconfirmed","audit/media-originals/1c9f96f6747938f9a782aff597268e98-768x475.jpeg","98418","ok"
"","https://monirgroupbd.com/wp-content/uploads/2024/07/1_E1XbXpyexi8eCyH22vUPdw-768x512.jpg","","","","768","512","/products/","B","catalog illustration; third-party rights unconfirmed","audit/media-originals/1_E1XbXpyexi8eCyH22vUPdw-768x512.jpg","79360","ok"
"","https://monirgroupbd.com/wp-content/uploads/2024/07/feed-ingredients-l-threonine-granular-175x175.jpg","","","","175","175","/products/","B","catalog illustration; third-party rights unconfirmed","audit/media-originals/feed-ingredients-l-threonine-granular-175x175.jpg","3838","ok"
"","https://monirgroupbd.com/wp-content/uploads/2024/07/feed-ingredients-l-threonine-granular-768x768.jpg","","","","768","768","/products/","B","catalog illustration; third-party rights unconfirmed","audit/media-originals/feed-ingredients-l-threonine-granular-768x768.jpg","77240","ok"
"","https://monirgroupbd.com/wp-content/uploads/2024/07/TB-L-Lysine-175x175.jpg","","","","175","175","/products/","B","catalog illustration; third-party rights unconfirmed","audit/media-originals/TB-L-Lysine-175x175.jpg","5331","ok"
"","https://monirgroupbd.com/wp-content/uploads/2024/07/methionine-768x674.jpg","","","","768","674","/products/","B","catalog illustration; third-party rights unconfirmed","audit/media-originals/methionine-768x674.jpg","75857","ok"
"","https://monirgroupbd.com/wp-content/uploads/2024/07/Screen-Shot-2023-03-05-at-7.30.06-PM-min-scaled-e1678066622571-1024x997.jpg","","","","1024","997","/products/","B","catalog illustration; third-party rights unconfirmed","audit/media-originals/Screen-Shot-2023-03-05-at-7.30.06-PM-min-scaled-e1678066622571-1024x997.jpg","75892","ok"
"","https://monirgroupbd.com/wp-content/uploads/2024/07/Screen-Shot-2023-03-05-at-7.30.06-PM-min-scaled-e1678066622571-768x748.jpg","","","","768","748","/products/","B","catalog illustration; third-party rights unconfirmed","audit/media-originals/Screen-Shot-2023-03-05-at-7.30.06-PM-min-scaled-e1678066622571-768x748.jpg","49292","ok"
"","https://monirgroupbd.com/wp-content/uploads/2024/07/Good-Price-Food-Grade-Feed-Grade-63-68-3-L-Methionine-Powder-59-51-8-Dl-Methionine-175x175.jpg","","","","175","175","/products/","B","catalog illustration; third-party rights unconfirmed","audit/media-originals/Good-Price-Food-Grade-Feed-Grade-63-68-3-L-Methionine-Powder-59-51-8-Dl-Methionine-175x175.jpg","4452","ok"
"","https://monirgroupbd.com/wp-content/uploads/2024/07/Good-Price-Food-Grade-Feed-Grade-63-68-3-L-Methionine-Powder-59-51-8-Dl-Methionine-768x768.jpg","","","","768","768","/products/","B","catalog illustration; third-party rights unconfirmed","audit/media-originals/Good-Price-Food-Grade-Feed-Grade-63-68-3-L-Methionine-Powder-59-51-8-Dl-Methionine-768x768.jpg","57378","ok"
"","https://monirgroupbd.com/wp-content/uploads/2024/07/getty_4eedb26663074a608ffb532197a9cc35-1024x683.jpg","","","","1024","683","/products/","B","catalog illustration; third-party rights unconfirmed","audit/media-originals/getty_4eedb26663074a608ffb532197a9cc35-1024x683.jpg","183125","ok"
"","https://monirgroupbd.com/wp-content/uploads/2024/07/getty_4eedb26663074a608ffb532197a9cc35-768x512.jpg","","","","768","512","/products/","B","catalog illustration; third-party rights unconfirmed","audit/media-originals/getty_4eedb26663074a608ffb532197a9cc35-768x512.jpg","112931","ok"
"","https://monirgroupbd.com/wp-content/uploads/2024/07/corn-gluten-175x175.webp","","","","175","175","/products/","B","catalog illustration; third-party rights unconfirmed","audit/media-originals/corn-gluten-175x175.webp","3782","ok"
"","https://monirgroupbd.com/wp-content/uploads/2024/07/Rs2GraaOUZGt-175x175.jpg","","","","175","175","/products/","B","catalog illustration; third-party rights unconfirmed","audit/media-originals/Rs2GraaOUZGt-175x175.jpg","6768","ok"
"","https://monirgroupbd.com/wp-content/uploads/2024/07/Rs2GraaOUZGt-768x768.jpg","","","","768","768","/products/","B","catalog illustration; third-party rights unconfirmed","audit/media-originals/Rs2GraaOUZGt-768x768.jpg","68526","ok"
"","https://monirgroupbd.com/wp-content/uploads/2024/07/TRI-CALIUM-PHOSPHATE-1024x683-1-768x512.jpg","","","","768","512","/products/","B","catalog illustration; third-party rights unconfirmed","audit/media-originals/TRI-CALIUM-PHOSPHATE-1024x683-1-768x512.jpg","33843","ok"
"","https://monirgroupbd.com/wp-content/uploads/2025/02/chickpeas-garbanzos-1024x858.jpg","","","","1024","858","/products/","B","catalog illustration; third-party rights unconfirmed","audit/media-originals/chickpeas-garbanzos-1024x858.jpg","88631","ok"
"","https://monirgroupbd.com/wp-content/uploads/2025/02/chickpeas-garbanzos-768x643.jpg","","","","768","643","/products/","B","catalog illustration; third-party rights unconfirmed","audit/media-originals/chickpeas-garbanzos-768x643.jpg","55460","ok"
"","https://monirgroupbd.com/wp-content/uploads/2025/02/Mashkolai-dal-মাসকলাই-ডাল-350x350-1-175x175.jpg","","","","175","175","/products/","B","catalog illustration; third-party rights unconfirmed","audit/media-originals/Mashkolai-dal-মাসকলাই-ডাল-350x350-1-175x175.jpg","6838","ok"
"","https://monirgroupbd.com/wp-content/uploads/2025/02/chickpeas-husk-1482303305-2649584-175x175.jpeg","","","","175","175","/products/","B","catalog illustration; third-party rights unconfirmed","audit/media-originals/chickpeas-husk-1482303305-2649584-175x175.jpeg","12111","ok"
"","https://monirgroupbd.com/wp-content/uploads/2025/02/470143751_122181969212153177_752348281834007339_n-767x1024.jpg","","","","767","1024","/products/","B","catalog illustration; third-party rights unconfirmed","audit/media-originals/470143751_122181969212153177_752348281834007339_n-767x1024.jpg","214773","ok"
"","https://monirgroupbd.com/wp-content/uploads/2025/02/470143751_122181969212153177_752348281834007339_n-768x1025.jpg","","","","768","1025","/products/","B","catalog illustration; third-party rights unconfirmed","audit/media-originals/470143751_122181969212153177_752348281834007339_n-768x1025.jpg","217480","ok"
"","https://mlshqte0xce9.i.optimole.com/w:auto/h:auto/q:mauto/f:best/https://monirgroupbd.com/wp-content/uploads/2022/06/shape-top-2.png","","","","","","/contact/ | /farmers/ | /testimonials/ | /faqs/","C","exclude: external host","","",""
"","https://monirgroupbd.com/wp-content/uploads/2024/01/logistics-transportation-container-cargo-ship-cargo-plane-with-working-crane-bridge-shipyard-sunrise-logistic-import-export-transport-industry-background-ai-generative-768x512.jpg","","","","768","512","/contact/","C","hold: identity and reuse rights unconfirmed","audit/media-originals/logistics-transportation-container-cargo-ship-cargo-plane-with-working-crane-bridge-shipyard-sunrise-logistic-import-export-transport-industry-background-ai-generative-768x512.jpg","61223","ok"
"","https://monirgroupbd.com/wp-content/uploads/2021/10/Monir-group-1024x682.jpg","","","","1024","682","/contact/","C","hold: identity and reuse rights unconfirmed","audit/media-originals/Monir-group-1024x682.jpg","18666","ok"
"","https://monirgroupbd.com/wp-content/uploads/2021/10/Monir-group-768x512.jpg","","","","768","512","/contact/","C","hold: identity and reuse rights unconfirmed","audit/media-originals/Monir-group-768x512.jpg","12010","ok"
"","https://monirgroupbd.com/wp-content/uploads/2024/05/1719496-768x576.jpg","","","","768","576","/monir-poultry-feed-industries-limited/","C","hold: identity and reuse rights unconfirmed","audit/media-originals/1719496-768x576.jpg","85466","ok"
"","https://monirgroupbd.com/wp-content/uploads/2024/05/1719496-580x435.jpg","","","","580","435","/monir-poultry-feed-industries-limited/","C","hold: identity and reuse rights unconfirmed","audit/media-originals/1719496-580x435.jpg","54172","ok"
"","https://monirgroupbd.com/wp-content/uploads/2024/05/WhatsApp-Image-2024-03-25-at-13.13.47_ee892bad-1024x768.jpg","","","","1024","768","/monir-poultry-feed-industries-limited/","C","hold: identity and reuse rights unconfirmed","audit/media-originals/WhatsApp-Image-2024-03-25-at-13.13.47_ee892bad-1024x768.jpg","56267","ok"
"","https://monirgroupbd.com/wp-content/uploads/2024/05/WhatsApp-Image-2024-03-25-at-13.13.47_ee892bad-768x576.jpg","","","","768","576","/monir-poultry-feed-industries-limited/","C","hold: identity and reuse rights unconfirmed","audit/media-originals/WhatsApp-Image-2024-03-25-at-13.13.47_ee892bad-768x576.jpg","35988","ok"
"","https://monirgroupbd.com/wp-content/uploads/2024/05/WhatsApp-Image-2024-03-25-at-13.13.47_ee892bad-580x435.jpg","","","","580","435","/monir-poultry-feed-industries-limited/","C","hold: identity and reuse rights unconfirmed","audit/media-originals/WhatsApp-Image-2024-03-25-at-13.13.47_ee892bad-580x435.jpg","22691","ok"
"","https://monirgroupbd.com/wp-content/uploads/2024/05/2151500790-768x430.jpg","","","","768","430","/monir-poultry-feed-industries-limited/","C","hold: identity and reuse rights unconfirmed","audit/media-originals/2151500790-768x430.jpg","49479","ok"
"","https://monirgroupbd.com/wp-content/uploads/2024/05/WhatsApp-Image-2024-03-25-at-13.15.00_de59277f-1024x768.jpg","","","","1024","768","/monir-poultry-feed-industries-limited/","C","hold: identity and reuse rights unconfirmed","audit/media-originals/WhatsApp-Image-2024-03-25-at-13.15.00_de59277f-1024x768.jpg","55976","ok"
"","https://monirgroupbd.com/wp-content/uploads/2024/05/WhatsApp-Image-2024-03-25-at-13.15.00_de59277f-768x576.jpg","","","","768","576","/monir-poultry-feed-industries-limited/","C","hold: identity and reuse rights unconfirmed","audit/media-originals/WhatsApp-Image-2024-03-25-at-13.15.00_de59277f-768x576.jpg","36020","ok"
"","https://monirgroupbd.com/wp-content/uploads/2024/05/WhatsApp-Image-2024-03-25-at-13.15.00_de59277f-580x435.jpg","","","","580","435","/monir-poultry-feed-industries-limited/","C","hold: identity and reuse rights unconfirmed","audit/media-originals/WhatsApp-Image-2024-03-25-at-13.15.00_de59277f-580x435.jpg","22856","ok"
"","https://monirgroupbd.com/wp-content/uploads/2024/05/3-768x511.jpg","","","","768","511","/monir-poultry-feed-industries-limited/","C","hold: identity and reuse rights unconfirmed","audit/media-originals/3-768x511.jpg","103066","ok"
"","https://monirgroupbd.com/wp-content/uploads/2025/11/5-580x435.png","","","","580","435","/monir-poultry-feed-industries-limited/","C","hold: identity and reuse rights unconfirmed","audit/media-originals/5-580x435.png","315804","ok"
"","https://monirgroupbd.com/wp-content/uploads/2025/11/3-580x435.png","","","","580","435","/monir-poultry-feed-industries-limited/","C","hold: identity and reuse rights unconfirmed","audit/media-originals/3-580x435.png","334271","ok"
"","https://monirgroupbd.com/wp-content/uploads/2025/11/6-580x435.png","","","","580","435","/monir-poultry-feed-industries-limited/","C","hold: identity and reuse rights unconfirmed","audit/media-originals/6-580x435.png","215823","ok"
"","https://gaviaspreview.com/wp/orgarium/wp-content/uploads/2022/04/icon-heading-black.png","","","","","","/monir-poultry-feed-industries-limited/ | /home-2/ | /service-3/","C","exclude: external host","","",""
"","https://gaviaspreview.com/wp/orgarium/wp-content/uploads/2022/04/icon-salad.png","","","","","","/monir-poultry-feed-industries-limited/ | /home-2/ | /service-3/","C","exclude: external host","","",""
"","https://gaviaspreview.com/wp/orgarium/wp-content/uploads/2022/04/icon-raspberries.png","","","","","","/monir-poultry-feed-industries-limited/ | /home-2/ | /service-3/","C","exclude: external host","","",""
"","https://gaviaspreview.com/wp/orgarium/wp-content/uploads/2022/04/icon-cow.png","","","","","","/monir-poultry-feed-industries-limited/ | /home-2/ | /service-3/","C","exclude: external host","","",""
"","https://gaviaspreview.com/wp/orgarium/wp-content/uploads/2022/04/icon-dragon-fruit-2.png","","","","","","/monir-poultry-feed-industries-limited/ | /home-2/ | /service-3/","C","exclude: external host","","",""
"","https://gaviaspreview.com/wp/orgarium/wp-content/uploads/2022/04/icon-fish.png","","","","","","/monir-poultry-feed-industries-limited/ | /home-2/ | /service-3/","C","exclude: external host","","",""
"","https://gaviaspreview.com/wp/orgarium/wp-content/uploads/2022/04/icon-steak.png","","","","","","/monir-poultry-feed-industries-limited/ | /home-2/ | /service-3/","C","exclude: external host","","",""
"","https://gaviaspreview.com/wp/orgarium/wp-content/uploads/2022/04/icon-chicken-leg.png","","","","","","/monir-poultry-feed-industries-limited/ | /home-2/ | /service-3/","C","exclude: external host","","",""
"","https://monirgroupbd.com/wp-content/plugins/orgarium-themer/elementor/assets/images/testimonial.jpg","","","","123","123","/monir-poultry-feed-industries-limited/ | /home-2/ | /testimonials/","C","hold: identity and reuse rights unconfirmed","audit/media-originals/testimonial.jpg","3614","ok"
"","https://monirgroupbd.com/wp-content/uploads/2022/04/image-7-175x175.jpg","","","","175","175","/home-2/","C","hold: identity and reuse rights unconfirmed","audit/media-originals/image-7-175x175.jpg","11190","ok"
"","https://monirgroupbd.com/wp-content/uploads/2022/04/image-7-180x180.jpg","","","","180","180","/home-2/","C","hold: identity and reuse rights unconfirmed","audit/media-originals/image-7-180x180.jpg","12077","ok"
"","https://monirgroupbd.com/wp-content/uploads/2022/01/image-8-560x690.jpg","","","","560","690","/home-2/ | /service-2/ | /portfolio-3/","C","hold: identity and reuse rights unconfirmed","audit/media-originals/image-8-560x690.jpg","63234","ok"
"","https://monirgroupbd.com/wp-content/uploads/2022/01/image-9-560x690.jpg","","","","560","690","/home-2/ | /service-2/ | /portfolio-3/","C","hold: identity and reuse rights unconfirmed","audit/media-originals/image-9-560x690.jpg","87978","ok"
"","https://monirgroupbd.com/wp-content/uploads/2022/04/image-10-560x690.jpg","","","","560","690","/home-2/ | /service-2/ | /portfolio-3/","C","hold: identity and reuse rights unconfirmed","audit/media-originals/image-10-560x690.jpg","105528","ok"
"","https://monirgroupbd.com/wp-content/uploads/2021/10/image-11-560x690.jpg","","","","560","690","/home-2/ | /service-2/ | /portfolio-3/","C","hold: identity and reuse rights unconfirmed","audit/media-originals/image-11-560x690.jpg","59500","ok"
"","https://gaviaspreview.com/wp/orgarium/wp-content/uploads/2022/04/brand-w3.png","","","","","","/home-2/","C","exclude: external host","","",""
"","https://gaviaspreview.com/wp/orgarium/wp-content/uploads/2022/04/brand-w2.png","","","","","","/home-2/","C","exclude: external host","","",""
"","https://gaviaspreview.com/wp/orgarium/wp-content/uploads/2022/04/brand-w4.png","","","","","","/home-2/","C","exclude: external host","","",""
"","https://gaviaspreview.com/wp/orgarium/wp-content/uploads/2022/04/brand-w5.png","","","","","","/home-2/","C","exclude: external host","","",""
"","https://gaviaspreview.com/wp/orgarium/wp-content/uploads/2022/04/brand-w6.png","","","","","","/home-2/","C","exclude: external host","","",""
"","https://monirgroupbd.com/wp-content/uploads/2021/10/shape-4.png","","","","1920","705","/home-3/ | /contact-2/ | /our-services/ | /shop-2/ | /shop/ | /sample-page/ | /service-3/ | /services/planet-earth-safety/ | /services/organic-fresh-fruits/ | /services/fresh-pond-sea-fish/ | /services/fresh-wheat-sack-food/ | /services/fresh-organic-vegetable/ | /portfolio/ | /our-awards/ | /services/ | /pricing/ | /our-partner/ | /events-page/ | /home-4/ | /news/ | /our-clients/ | /category-portfolio/fruits/ | /category-portfolio/milk-meats/ | /category-portfolio/sea-fish/ | /category-portfolio/vegetables/","C","hold: identity and reuse rights unconfirmed","audit/media-originals/shape-4.png","83835","ok"
"","https://monirgroupbd.com/wp-content/uploads/2021/10/pattern-bg.png","","","","4096","1691","/home-3/ | /contact-2/ | /our-services/ | /shop-2/ | /shop/ | /sample-page/ | /service-3/ | /services/planet-earth-safety/ | /services/organic-fresh-fruits/ | /services/fresh-pond-sea-fish/ | /services/fresh-wheat-sack-food/ | /services/fresh-organic-vegetable/ | /portfolio/ | /our-awards/ | /services/ | /pricing/ | /our-partner/ | /events-page/ | /home-4/ | /news/ | /our-clients/ | /category-portfolio/fruits/ | /category-portfolio/milk-meats/ | /category-portfolio/sea-fish/ | /category-portfolio/vegetables/","C","hold: identity and reuse rights unconfirmed","audit/media-originals/pattern-bg.png","346917","ok"
"","https://gaviaspreview.com/wp/orgarium/wp-content/uploads/2022/01/image-15.jpg","","","","","","/home-3/ | /service-2/","C","exclude: external host","","",""
"","https://monirgroupbd.com/wp-content/uploads/2022/04/image-10-600x711.jpg","","","","600","711","/home-3/","C","hold: identity and reuse rights unconfirmed","audit/media-originals/image-10-600x711.jpg","115063","ok"
"","https://monirgroupbd.com/wp-content/uploads/2022/01/image-8-600x540.jpg","","","","600","540","/home-3/ | /service-3/ | /services/planet-earth-safety/ | /services/organic-fresh-fruits/ | /services/fresh-pond-sea-fish/ | /services/fresh-wheat-sack-food/ | /services/cows-meat-and-milk/ | /services/fresh-organic-vegetable/","C","hold: identity and reuse rights unconfirmed","audit/media-originals/image-8-600x540.jpg","48501","ok"
"","https://monirgroupbd.com/wp-content/uploads/2022/01/image-9-600x540.jpg","","","","600","540","/home-3/ | /service-3/ | /services/planet-earth-safety/ | /services/organic-fresh-fruits/ | /services/fresh-pond-sea-fish/ | /services/fresh-wheat-sack-food/ | /services/cows-meat-and-milk/ | /services/fresh-organic-vegetable/","C","hold: identity and reuse rights unconfirmed","audit/media-originals/image-9-600x540.jpg","74181","ok"
"","https://monirgroupbd.com/wp-content/uploads/2022/04/image-10-600x540.jpg","","","","600","540","/home-3/ | /service-3/ | /services/planet-earth-safety/ | /services/organic-fresh-fruits/ | /services/fresh-pond-sea-fish/ | /services/fresh-wheat-sack-food/ | /services/cows-meat-and-milk/ | /services/fresh-organic-vegetable/","C","hold: identity and reuse rights unconfirmed","audit/media-originals/image-10-600x540.jpg","88665","ok"
"","https://monirgroupbd.com/wp-content/uploads/2021/10/image-11-600x540.jpg","","","","600","540","/home-3/ | /service-3/ | /services/planet-earth-safety/ | /services/organic-fresh-fruits/ | /services/fresh-pond-sea-fish/ | /services/fresh-wheat-sack-food/ | /services/cows-meat-and-milk/ | /services/fresh-organic-vegetable/","C","hold: identity and reuse rights unconfirmed","audit/media-originals/image-11-600x540.jpg","50678","ok"
"","https://gaviaspreview.com/wp/orgarium/wp-content/plugins/orgarium-themer/elementor/assets/images/brand-1.png","","","","","","/home-3/ | /portfolio-2/ | /portfolio/ | /our-awards/ | /services/ | /pricing/ | /events-page/ | /home-4/","C","exclude: external host","","",""
"","https://gaviaspreview.com/wp/orgarium/wp-content/plugins/orgarium-themer/elementor/assets/images/brand-2.png","","","","","","/home-3/ | /portfolio-2/ | /portfolio/ | /our-awards/ | /services/ | /pricing/ | /events-page/ | /home-4/","C","exclude: external host","","",""
"","https://gaviaspreview.com/wp/orgarium/wp-content/plugins/orgarium-themer/elementor/assets/images/brand-3.png","","","","","","/home-3/ | /portfolio-2/ | /portfolio/ | /our-awards/ | /services/ | /pricing/ | /events-page/ | /home-4/","C","exclude: external host","","",""
"","https://gaviaspreview.com/wp/orgarium/wp-content/plugins/orgarium-themer/elementor/assets/images/brand-4.png","","","","","","/home-3/ | /portfolio-2/ | /portfolio/ | /our-awards/ | /services/ | /pricing/ | /events-page/ | /home-4/","C","exclude: external host","","",""
"","https://gaviaspreview.com/wp/orgarium/wp-content/plugins/orgarium-themer/elementor/assets/images/brand-5.png","","","","","","/home-3/ | /portfolio-2/ | /portfolio/ | /our-awards/ | /services/ | /pricing/ | /events-page/ | /home-4/","C","exclude: external host","","",""
"","https://gaviaspreview.com/wp/orgarium/wp-content/plugins/orgarium-themer/elementor/assets/images/brand-6.png","","","","","","/home-3/ | /portfolio-2/ | /portfolio/ | /our-awards/ | /services/ | /pricing/ | /events-page/ | /home-4/","C","exclude: external host","","",""
"","https://gaviaspreview.com/wp/orgarium/wp-content/plugins/orgarium-themer/elementor/assets/images/team-1.jpg","","","","","","/home-3/ | /farmers/ | /home-4/","C","exclude: external host","","",""
"","https://gaviaspreview.com/wp/orgarium/wp-content/plugins/orgarium-themer/elementor/assets/images/team-2.jpg","","","","","","/home-3/ | /farmers/ | /home-4/","C","exclude: external host","","",""
"","https://gaviaspreview.com/wp/orgarium/wp-content/plugins/orgarium-themer/elementor/assets/images/team-3.jpg","","","","","","/home-3/ | /farmers/ | /home-4/","C","exclude: external host","","",""
"","https://gaviaspreview.com/wp/orgarium/wp-content/plugins/orgarium-themer/elementor/assets/images/team-4.jpg","","","","","","/home-3/ | /farmers/ | /home-4/","C","exclude: external host","","",""
"","https://gaviaspreview.com/wp/orgarium/wp-content/plugins/orgarium-themer/elementor/assets/images/team-5.jpg","","","","","","/home-3/ | /farmers/ | /home-4/","C","exclude: external host","","",""
"","https://gaviaspreview.com/wp/orgarium/wp-content/plugins/orgarium-themer/elementor/assets/images/team-6.jpg","","","","","","/home-3/ | /farmers/ | /home-4/","C","exclude: external host","","",""
"","https://monirgroupbd.com/wp-content/uploads/2021/03/project-6-600x540.jpg","","","","600","540","/home-3/ | /portfolio/ | /services/ | /gallery/ | /case/golder-sunflower/ | /case/organic-wheats/ | /case/fresh-wheat-food/ | /case/fresh-organic-vegetable/ | /case/golder-wheat/ | /case/organic-cow/ | /case/organic-grap/ | /case/fresh-chicken/","C","hold: identity and reuse rights unconfirmed","audit/media-originals/project-6-600x540.jpg","82405","ok"
"","https://monirgroupbd.com/wp-content/uploads/2021/03/project-1-600x540.jpg","","","","600","540","/home-3/ | /portfolio/ | /services/ | /gallery/","C","hold: identity and reuse rights unconfirmed","audit/media-originals/project-1-600x540.jpg","68938","ok"
"","https://monirgroupbd.com/wp-content/uploads/2021/03/project-2-600x540.jpg","","","","600","540","/home-3/ | /portfolio/ | /services/ | /gallery/ | /case/golder-sunflower/ | /case/organic-wheats/ | /case/fresh-wheat-food/ | /case/fresh-organic-vegetable/ | /case/golder-wheat/ | /case/organic-cow/ | /case/organic-grap/ | /case/fresh-chicken/","C","hold: identity and reuse rights unconfirmed","audit/media-originals/project-2-600x540.jpg","77172","ok"
"","https://monirgroupbd.com/wp-content/uploads/2021/03/project-8-600x540.jpg","","","","600","540","/home-3/ | /portfolio/ | /services/ | /gallery/ | /case/golder-sunflower/ | /case/organic-wheats/ | /case/fresh-wheat-food/ | /case/fresh-organic-vegetable/ | /case/golder-wheat/ | /case/organic-cow/ | /case/organic-grap/ | /case/fresh-chicken/","C","hold: identity and reuse rights unconfirmed","audit/media-originals/project-8-600x540.jpg","105979","ok"
"","https://monirgroupbd.com/wp-content/uploads/2021/03/project-7-600x540.jpg","","","","600","540","/home-3/ | /portfolio/ | /services/ | /gallery/","C","hold: identity and reuse rights unconfirmed","audit/media-originals/project-7-600x540.jpg","89081","ok"
"","https://monirgroupbd.com/wp-content/uploads/2021/03/project-4-600x540.jpg","","","","600","540","/home-3/ | /portfolio/ | /services/ | /gallery/","C","hold: identity and reuse rights unconfirmed","audit/media-originals/project-4-600x540.jpg","99638","ok"
"","https://gaviaspreview.com/wp/orgarium/wp-content/uploads/2022/06/avatar-2.jpg","","","","","","/home-3/ | /testimonials/ | /careers/","C","exclude: external host","","",""
"","https://monirgroupbd.com/wp-content/uploads/2022/06/image-19-768x782.jpg","","","","768","782","/service-3/ | /testimonials/ | /services/ | /home-4/","C","hold: identity and reuse rights unconfirmed","audit/media-originals/image-19-768x782.jpg","132726","ok"
"","https://monirgroupbd.com/wp-content/uploads/2022/06/image-19-600x611.jpg","","","","600","611","/service-3/ | /testimonials/ | /services/ | /home-4/","C","hold: identity and reuse rights unconfirmed","audit/media-originals/image-19-600x611.jpg","86823","ok"
"","https://monirgroupbd.com/wp-content/uploads/2021/03/project-7.jpg","","","","860","715","/services/planet-earth-safety/ | /services/organic-fresh-fruits/ | /services/fresh-pond-sea-fish/ | /services/fresh-wheat-sack-food/ | /services/fresh-organic-vegetable/","C","hold: identity and reuse rights unconfirmed","audit/media-originals/project-7.jpg","105795","ok"
"","https://gaviaspreview.com/wp/orgarium/wp-content/uploads/2020/12/post-3.jpg","","","","","","/services/planet-earth-safety/ | /services/organic-fresh-fruits/ | /services/fresh-pond-sea-fish/ | /services/fresh-wheat-sack-food/ | /services/cows-meat-and-milk/ | /services/fresh-organic-vegetable/","C","exclude: external host","","",""
"","https://gaviaspreview.com/wp/orgarium/wp-content/uploads/2020/12/post-6.jpg","","","","","","/services/planet-earth-safety/ | /services/organic-fresh-fruits/ | /services/fresh-pond-sea-fish/ | /services/fresh-wheat-sack-food/ | /services/cows-meat-and-milk/ | /services/fresh-organic-vegetable/","C","exclude: external host","","",""
"","https://gaviaspreview.com/wp/orgarium/wp-content/uploads/2020/12/post-5.jpg","","","","","","/services/planet-earth-safety/ | /services/organic-fresh-fruits/ | /services/fresh-pond-sea-fish/ | /services/fresh-wheat-sack-food/ | /services/cows-meat-and-milk/ | /services/fresh-organic-vegetable/","C","exclude: external host","","",""
"","https://monirgroupbd.com/wp-content/uploads/2022/01/slider-4-1024x480.jpg","","","","1024","480","/services/planet-earth-safety/ | /services/organic-fresh-fruits/ | /services/fresh-pond-sea-fish/ | /services/fresh-wheat-sack-food/ | /services/cows-meat-and-milk/ | /services/fresh-organic-vegetable/","C","hold: identity and reuse rights unconfirmed","audit/media-originals/slider-4-1024x480.jpg","85103","ok"
"","https://monirgroupbd.com/wp-content/uploads/2022/01/slider-4-768x360.jpg","","","","768","360","/services/planet-earth-safety/ | /services/organic-fresh-fruits/ | /services/fresh-pond-sea-fish/ | /services/fresh-wheat-sack-food/ | /services/cows-meat-and-milk/ | /services/fresh-organic-vegetable/","C","hold: identity and reuse rights unconfirmed","audit/media-originals/slider-4-768x360.jpg","49719","ok"
"","https://monirgroupbd.com/wp-content/uploads/2022/01/slider-4-600x281.jpg","","","","600","281","/services/planet-earth-safety/ | /services/organic-fresh-fruits/ | /services/fresh-pond-sea-fish/ | /services/fresh-wheat-sack-food/ | /services/cows-meat-and-milk/ | /services/fresh-organic-vegetable/","C","hold: identity and reuse rights unconfirmed","audit/media-originals/slider-4-600x281.jpg","32449","ok"
"","https://monirgroupbd.com/wp-content/plugins/orgarium-themer/elementor/assets/images/image-1.jpg","","","","600","700","/portfolio-2/","C","hold: identity and reuse rights unconfirmed","audit/media-originals/image-1.jpg","78304","ok"
"","https://monirgroupbd.com/wp-content/plugins/orgarium-themer/elementor/assets/images/image-2.jpg","","","","250","350","/portfolio-2/","C","hold: identity and reuse rights unconfirmed","audit/media-originals/image-2.jpg","15977","ok"
"","https://monirgroupbd.com/wp-content/uploads/2021/03/project-6-580x435.jpg","","","","580","435","/portfolio-2/","C","hold: identity and reuse rights unconfirmed","audit/media-originals/project-6-580x435.jpg","68450","ok"
"","https://monirgroupbd.com/wp-content/uploads/2021/03/project-1-580x435.jpg","","","","580","435","/portfolio-2/","C","hold: identity and reuse rights unconfirmed","audit/media-originals/project-1-580x435.jpg","58420","ok"
"","https://monirgroupbd.com/wp-content/uploads/2021/03/project-2-580x435.jpg","","","","580","435","/portfolio-2/","C","hold: identity and reuse rights unconfirmed","audit/media-originals/project-2-580x435.jpg","63210","ok"
"","https://monirgroupbd.com/wp-content/uploads/2021/03/project-8-580x435.jpg","","","","580","435","/portfolio-2/","C","hold: identity and reuse rights unconfirmed","audit/media-originals/project-8-580x435.jpg","84040","ok"
"","https://monirgroupbd.com/wp-content/uploads/2021/03/project-7-580x435.jpg","","","","580","435","/portfolio-2/","C","hold: identity and reuse rights unconfirmed","audit/media-originals/project-7-580x435.jpg","69223","ok"
"","https://monirgroupbd.com/wp-content/uploads/2021/03/project-4-580x435.jpg","","","","580","435","/portfolio-2/","C","hold: identity and reuse rights unconfirmed","audit/media-originals/project-4-580x435.jpg","79633","ok"
"","https://monirgroupbd.com/wp-content/uploads/2021/03/project-5.jpg","","","","860","715","/about-me/","C","hold: identity and reuse rights unconfirmed","audit/media-originals/project-5.jpg","79831","ok"
"","https://monirgroupbd.com/wp-content/uploads/2021/03/project-5-768x639.jpg","","","","768","639","/about-me/","C","hold: identity and reuse rights unconfirmed","audit/media-originals/project-5-768x639.jpg","106756","ok"
"","https://monirgroupbd.com/wp-content/uploads/2021/03/project-5-600x499.jpg","","","","600","499","/about-me/","C","hold: identity and reuse rights unconfirmed","audit/media-originals/project-5-600x499.jpg","70946","ok"
"","https://monirgroupbd.com/wp-content/uploads/2022/07/bg-13-1024x456.jpg","","","","1024","456","/about-me/","C","hold: identity and reuse rights unconfirmed","audit/media-originals/bg-13-1024x456.jpg","110107","ok"
"","https://monirgroupbd.com/wp-content/uploads/2022/07/bg-13-768x342.jpg","","","","768","342","/about-me/","C","hold: identity and reuse rights unconfirmed","audit/media-originals/bg-13-768x342.jpg","67261","ok"
"","https://monirgroupbd.com/wp-content/uploads/2022/07/bg-13-600x267.jpg","","","","600","267","/about-me/","C","hold: identity and reuse rights unconfirmed","audit/media-originals/bg-13-600x267.jpg","44847","ok"
"","https://mlshqte0xce9.i.optimole.com/w:auto/h:auto/q:mauto/f:best/https://monirgroupbd.com/wp-content/uploads/2022/06/bg-12.jpg","","","","","","/farmers/","C","exclude: external host","","",""
"","https://gaviaspreview.com/wp/orgarium/wp-content/uploads/2021/09/testimonial-1.jpg","","","","","","/farmers/ | /faqs/","C","exclude: external host","","",""
"","https://gaviaspreview.com/wp/orgarium/wp-content/uploads/2021/09/testimonial-3.jpg","","","","","","/farmers/ | /faqs/","C","exclude: external host","","",""
"","https://gaviaspreview.com/wp/orgarium/wp-content/uploads/2021/09/testimonial-2.jpg","","","","","","/farmers/ | /faqs/","C","exclude: external host","","",""
"","https://gaviaspreview.com/wp/orgarium/wp-content/uploads/2021/10/testimonial-4.jpg","","","","","","/farmers/ | /faqs/","C","exclude: external host","","",""
"","https://gaviaspreview.com/wp/orgarium/wp-content/uploads/2022/06/testimonial-logo.png","","","","","","/testimonials/ | /services/ | /home-4/","C","exclude: third-party or theme logo; not evidence of endorsement","","",""
"","https://gaviaspreview.com/wp/orgarium/wp-content/uploads/2022/04/icon-avocado.png","","","","","","/services/","C","exclude: external host","","",""
"","https://gaviaspreview.com/wp/orgarium/wp-content/uploads/2022/04/icon-carrot.png","","","","","","/services/","C","exclude: external host","","",""
"","https://gaviaspreview.com/wp/orgarium/wp-content/uploads/2022/04/icon-onion.png","","","","","","/services/","C","exclude: external host","","",""
"","https://gaviaspreview.com/wp/orgarium/wp-content/uploads/2022/04/icon-corn.png","","","","","","/services/","C","exclude: external host","","",""
"","https://gaviaspreview.com/wp/orgarium/wp-content/uploads/2022/04/icon-no-meat.png","","","","","","/services/","C","exclude: external host","","",""
"","https://gaviaspreview.com/wp/orgarium/wp-content/uploads/2022/04/icon-dragon-fruit.png","","","","","","/services/","C","exclude: external host","","",""
"","https://monirgroupbd.com/wp-content/uploads/2021/03/project-6-560x690.jpg","","","","560","690","/pricing/ | /home-4/ | /portfolio-3/ | /case/golder-sunflower/ | /case/organic-wheats/ | /case/fresh-wheat-food/ | /case/fresh-organic-vegetable/ | /case/golder-wheat/ | /case/organic-cow/ | /case/organic-grap/ | /case/fresh-chicken/ | /category-portfolio/milk-meats/ | /category-portfolio/vegetables/","C","hold: identity and reuse rights unconfirmed","audit/media-originals/project-6-560x690.jpg","90010","ok"
"","https://monirgroupbd.com/wp-content/uploads/2021/03/project-1-560x690.jpg","","","","560","690","/pricing/ | /home-4/ | /portfolio-3/ | /case/golder-sunflower/ | /case/organic-wheats/ | /case/fresh-wheat-food/ | /case/fresh-organic-vegetable/ | /case/golder-wheat/ | /case/organic-cow/ | /case/organic-grap/ | /case/fresh-chicken/ | /category-portfolio/fruits/ | /category-portfolio/sea-fish/","C","hold: identity and reuse rights unconfirmed","audit/media-originals/project-1-560x690.jpg","69063","ok"
"","https://monirgroupbd.com/wp-content/uploads/2021/03/project-2-560x690.jpg","","","","560","690","/pricing/ | /home-4/ | /portfolio-3/ | /case/golder-sunflower/ | /case/organic-wheats/ | /case/fresh-wheat-food/ | /case/fresh-organic-vegetable/ | /case/golder-wheat/ | /case/organic-cow/ | /case/organic-grap/ | /case/fresh-chicken/ | /category-portfolio/fruits/ | /category-portfolio/sea-fish/","C","hold: identity and reuse rights unconfirmed","audit/media-originals/project-2-560x690.jpg","85706","ok"
"","https://monirgroupbd.com/wp-content/uploads/2021/03/project-8-560x690.jpg","","","","560","690","/pricing/ | /home-4/ | /portfolio-3/ | /case/golder-sunflower/ | /case/organic-wheats/ | /case/fresh-wheat-food/ | /case/fresh-organic-vegetable/ | /case/golder-wheat/ | /case/organic-cow/ | /case/organic-grap/ | /case/fresh-chicken/ | /category-portfolio/milk-meats/ | /category-portfolio/sea-fish/","C","hold: identity and reuse rights unconfirmed","audit/media-originals/project-8-560x690.jpg","122689","ok"
"","https://monirgroupbd.com/wp-content/uploads/2021/03/project-7-560x690.jpg","","","","560","690","/pricing/ | /home-4/ | /portfolio-3/ | /case/golder-sunflower/ | /case/organic-wheats/ | /case/fresh-wheat-food/ | /case/fresh-organic-vegetable/ | /case/golder-wheat/ | /case/organic-cow/ | /case/organic-grap/ | /case/fresh-chicken/ | /category-portfolio/fruits/ | /category-portfolio/milk-meats/","C","hold: identity and reuse rights unconfirmed","audit/media-originals/project-7-560x690.jpg","106374","ok"
"","https://monirgroupbd.com/wp-content/litespeed/avatar/75848451dc644d3c65fb68fec3b20461.jpg?ver=1790490983","","","","160","160","/news-2/","C","hold: identity and reuse rights unconfirmed","audit/media-originals/75848451dc644d3c65fb68fec3b20461.jpg","1981","ok"
"","https://monirgroupbd.com/wp-content/litespeed/avatar/35913a6bd4e8ec1058d4e361b6721f6f.jpg?ver=1790490983","","","","320","320","/news-2/","C","hold: identity and reuse rights unconfirmed","audit/media-originals/35913a6bd4e8ec1058d4e361b6721f6f.jpg","4031","ok"
"","https://gaviaspreview.com/wp/orgarium/wp-content/uploads/2021/03/project-1.jpg","","","","","","/gallery/","C","exclude: external host","","",""
"","https://gaviaspreview.com/wp/orgarium/wp-content/uploads/2021/03/project-2.jpg","","","","","","/gallery/ | /case/golder-sunflower/ | /case/organic-wheats/ | /case/fresh-wheat-food/ | /case/fresh-organic-vegetable/ | /case/golder-wheat/ | /case/organic-cow/ | /case/organic-grap/ | /case/fresh-chicken/","C","exclude: external host","","",""
"","https://monirgroupbd.com/wp-content/uploads/2021/03/project-3-600x540.jpg","","","","600","540","/gallery/","C","hold: identity and reuse rights unconfirmed","audit/media-originals/project-3-600x540.jpg","66428","ok"
"","https://gaviaspreview.com/wp/orgarium/wp-content/uploads/2021/03/project-3.jpg","","","","","","/gallery/","C","exclude: external host","","",""
"","https://gaviaspreview.com/wp/orgarium/wp-content/uploads/2021/03/project-4.jpg","","","","","","/gallery/","C","exclude: external host","","",""
"","https://monirgroupbd.com/wp-content/uploads/2021/03/project-5-600x540.jpg","","","","600","540","/gallery/ | /case/golder-sunflower/ | /case/organic-wheats/ | /case/fresh-wheat-food/ | /case/fresh-organic-vegetable/ | /case/golder-wheat/ | /case/organic-cow/ | /case/organic-grap/ | /case/fresh-chicken/","C","hold: identity and reuse rights unconfirmed","audit/media-originals/project-5-600x540.jpg","75725","ok"
"","https://gaviaspreview.com/wp/orgarium/wp-content/uploads/2021/03/project-5.jpg","","","","","","/gallery/ | /case/golder-sunflower/ | /case/organic-wheats/ | /case/fresh-wheat-food/ | /case/fresh-organic-vegetable/ | /case/golder-wheat/ | /case/organic-cow/ | /case/organic-grap/ | /case/fresh-chicken/","C","exclude: external host","","",""
"","https://gaviaspreview.com/wp/orgarium/wp-content/uploads/2021/03/project-6.jpg","","","","","","/gallery/ | /case/golder-sunflower/ | /case/organic-wheats/ | /case/fresh-wheat-food/ | /case/fresh-organic-vegetable/ | /case/golder-wheat/ | /case/organic-cow/ | /case/organic-grap/ | /case/fresh-chicken/","C","exclude: external host","","",""
"","https://gaviaspreview.com/wp/orgarium/wp-content/uploads/2021/03/project-7.jpg","","","","","","/gallery/","C","exclude: external host","","",""
"","https://gaviaspreview.com/wp/orgarium/wp-content/uploads/2021/03/project-8.jpg","","","","","","/gallery/ | /case/golder-sunflower/ | /case/organic-wheats/ | /case/fresh-wheat-food/ | /case/fresh-organic-vegetable/ | /case/golder-wheat/ | /case/organic-cow/ | /case/organic-grap/ | /case/fresh-chicken/","C","exclude: external host","","",""
"","https://mlshqte0xce9.i.optimole.com/w:auto/h:auto/q:mauto/f:best/https://monirgroupbd.com/wp-content/uploads/2021/10/breadcrumb.jpg","","","","","","/portfolio-3/ | /blog-standard/ | /gva_template/new-header-layout/ | /gva_template/new-footer-layout/ | /gva_template/new-page-layout/ | /gva_template/new-post-single-template/ | /gva_template/crowdfunding-single-template/ | /gva_template/page-layout-header-white-2/ | /gva_template/crowdfunding-archive-template/ | /gva_template/header-white-2/ | /gva_template/new-page-layout-2/ | /gva_template/page-layout-header-transparent-2/","C","exclude: external host","","",""
"","https://monirgroupbd.com/wp-content/uploads/2021/03/project-4-560x690.jpg","","","","560","690","/portfolio-3/ | /category-portfolio/milk-meats/ | /category-portfolio/vegetables/","C","hold: identity and reuse rights unconfirmed","audit/media-originals/project-4-560x690.jpg","110508","ok"
"","https://monirgroupbd.com/wp-content/uploads/2024/01/soybean-seeds-wooden-floor-hemp-sacks-food-nutrition-concept-768x512.jpg","","","","768","512","/blog-standard/ | /2024/01/27/high-qualityhigh-protein-soya-mealcity-nabilany-time-delivery-of-our-godown-in-gazipur/","C","hold: identity and reuse rights unconfirmed","audit/media-originals/soybean-seeds-wooden-floor-hemp-sacks-food-nutrition-concept-768x512.jpg","114495","ok"
"","https://monirgroupbd.com/wp-content/uploads/2023/08/pngwing.com_-175x175.png","","","","175","175","/blog-standard/ | /2024/01/27/high-quality-maize-any-time-delivery-of-our-godown-in-gazipur/ | /2024/01/27/high-quality-fishh-meal-any-time-delivery-of-our-godown-in-gazipur/ | /2024/01/27/high-qualityhigh-protein-soya-mealcity-nabilany-time-delivery-of-our-godown-in-gazipur/ | /gva_template/new-post-single-template/ | /category/uncategorized/","C","hold: identity and reuse rights unconfirmed","audit/media-originals/pngwing.com_-175x175.png","13772","ok"
"","https://monirgroupbd.com/wp-content/uploads/2023/04/fish-meal-175x175.webp","","","","175","175","/blog-standard/ | /2024/01/27/high-quality-maize-any-time-delivery-of-our-godown-in-gazipur/ | /2024/01/27/high-quality-fishh-meal-any-time-delivery-of-our-godown-in-gazipur/ | /2024/01/27/high-qualityhigh-protein-soya-mealcity-nabilany-time-delivery-of-our-godown-in-gazipur/ | /gva_template/new-post-single-template/ | /category/uncategorized/","C","hold: identity and reuse rights unconfirmed","audit/media-originals/fish-meal-175x175.webp","5906","ok"
"","https://monirgroupbd.com/wp-content/uploads/2023/04/fish-meal-300x300.webp","","","","300","300","/blog-standard/ | /2024/01/27/high-quality-maize-any-time-delivery-of-our-godown-in-gazipur/ | /2024/01/27/high-quality-fishh-meal-any-time-delivery-of-our-godown-in-gazipur/ | /2024/01/27/high-qualityhigh-protein-soya-mealcity-nabilany-time-delivery-of-our-godown-in-gazipur/ | /gva_template/new-post-single-template/ | /category/uncategorized/","C","hold: identity and reuse rights unconfirmed","audit/media-originals/fish-meal-300x300.webp","14686","ok"
"","https://monirgroupbd.com/wp-content/uploads/2023/04/fish-meal-180x180.webp","","","","180","180","/blog-standard/ | /2024/01/27/high-quality-maize-any-time-delivery-of-our-godown-in-gazipur/ | /2024/01/27/high-quality-fishh-meal-any-time-delivery-of-our-godown-in-gazipur/ | /2024/01/27/high-qualityhigh-protein-soya-mealcity-nabilany-time-delivery-of-our-godown-in-gazipur/ | /gva_template/new-post-single-template/ | /category/uncategorized/","C","hold: identity and reuse rights unconfirmed","audit/media-originals/fish-meal-180x180.webp","6094","ok"
"","https://monirgroupbd.com/wp-content/uploads/2024/01/soybean-seeds-wooden-floor-hemp-sacks-food-nutrition-concept-175x175.jpg","","","","175","175","/blog-standard/ | /2024/01/27/high-quality-maize-any-time-delivery-of-our-godown-in-gazipur/ | /2024/01/27/high-quality-fishh-meal-any-time-delivery-of-our-godown-in-gazipur/ | /2024/01/27/high-qualityhigh-protein-soya-mealcity-nabilany-time-delivery-of-our-godown-in-gazipur/ | /gva_template/new-post-single-template/ | /category/uncategorized/","C","hold: identity and reuse rights unconfirmed","audit/media-originals/soybean-seeds-wooden-floor-hemp-sacks-food-nutrition-concept-175x175.jpg","12709","ok"
"","https://monirgroupbd.com/wp-content/litespeed/avatar/f08551dc4247713b3c48dbade9b75b98.jpg","","","","190","190","/2024/01/27/high-quality-maize-any-time-delivery-of-our-godown-in-gazipur/","C","hold: identity and reuse rights unconfirmed","audit/media-originals/f08551dc4247713b3c48dbade9b75b98.jpg","2387","ok"
"","https://monirgroupbd.com/wp-content/litespeed/avatar/ac93a963a0bd319f27af84eb28cf32b2.jpg","","","","380","380","/2024/01/27/high-quality-maize-any-time-delivery-of-our-godown-in-gazipur/","C","hold: identity and reuse rights unconfirmed","audit/media-originals/ac93a963a0bd319f27af84eb28cf32b2.jpg","5227","ok"
"","https://monirgroupbd.com/wp-content/litespeed/avatar/f08551dc4247713b3c48dbade9b75b98.jpg?ver=1790491174","","","","190","190","/2024/01/27/high-quality-fishh-meal-any-time-delivery-of-our-godown-in-gazipur/ | /2024/01/27/high-qualityhigh-protein-soya-mealcity-nabilany-time-delivery-of-our-godown-in-gazipur/ | /gva_template/new-post-single-template/","C","hold: identity and reuse rights unconfirmed","audit/media-originals/f08551dc4247713b3c48dbade9b75b98.jpg","2387","ok"
"","https://monirgroupbd.com/wp-content/litespeed/avatar/ac93a963a0bd319f27af84eb28cf32b2.jpg?ver=1790491174","","","","380","380","/2024/01/27/high-quality-fishh-meal-any-time-delivery-of-our-godown-in-gazipur/ | /2024/01/27/high-qualityhigh-protein-soya-mealcity-nabilany-time-delivery-of-our-godown-in-gazipur/ | /gva_template/new-post-single-template/","C","hold: identity and reuse rights unconfirmed","audit/media-originals/ac93a963a0bd319f27af84eb28cf32b2.jpg","5227","ok"
"","https://monirgroupbd.com/wp-content/uploads/2021/03/project-1.jpg","","","","860","715","/case/golder-sunflower/ | /case/organic-wheats/ | /case/fresh-wheat-food/ | /case/fresh-organic-vegetable/ | /case/golder-wheat/ | /case/organic-cow/ | /case/organic-grap/ | /case/fresh-chicken/","C","hold: identity and reuse rights unconfirmed","audit/media-originals/project-1.jpg","73935","ok"
"","https://monirgroupbd.com/wp-content/uploads/2021/03/project-1-768x639.jpg","","","","768","639","/case/golder-sunflower/ | /case/organic-wheats/ | /case/fresh-wheat-food/ | /case/fresh-organic-vegetable/ | /case/golder-wheat/ | /case/organic-cow/ | /case/organic-grap/ | /case/fresh-chicken/","C","hold: identity and reuse rights unconfirmed","audit/media-originals/project-1-768x639.jpg","98463","ok"
"","https://monirgroupbd.com/wp-content/uploads/2021/03/project-1-600x499.jpg","","","","600","499","/case/golder-sunflower/ | /case/organic-wheats/ | /case/fresh-wheat-food/ | /case/fresh-organic-vegetable/ | /case/golder-wheat/ | /case/organic-cow/ | /case/organic-grap/ | /case/fresh-chicken/","C","hold: identity and reuse rights unconfirmed","audit/media-originals/project-1-600x499.jpg","66730","ok"
"","https://monirgroupbd.com/wp-content/uploads/2021/03/project-3.jpg","","","","860","715","/case/golder-sunflower/ | /case/organic-wheats/ | /case/fresh-wheat-food/ | /case/fresh-organic-vegetable/ | /case/golder-wheat/ | /case/organic-cow/ | /case/organic-grap/ | /case/fresh-chicken/","C","hold: identity and reuse rights unconfirmed","audit/media-originals/project-3.jpg","67126","ok"
"","https://monirgroupbd.com/wp-content/uploads/2021/03/project-3-768x639.jpg","","","","768","639","/case/golder-sunflower/ | /case/organic-wheats/ | /case/fresh-wheat-food/ | /case/fresh-organic-vegetable/ | /case/golder-wheat/ | /case/organic-cow/ | /case/organic-grap/ | /case/fresh-chicken/","C","hold: identity and reuse rights unconfirmed","audit/media-originals/project-3-768x639.jpg","92702","ok"
"","https://monirgroupbd.com/wp-content/uploads/2021/03/project-3-600x499.jpg","","","","600","499","/case/golder-sunflower/ | /case/organic-wheats/ | /case/fresh-wheat-food/ | /case/fresh-organic-vegetable/ | /case/golder-wheat/ | /case/organic-cow/ | /case/organic-grap/ | /case/fresh-chicken/","C","hold: identity and reuse rights unconfirmed","audit/media-originals/project-3-600x499.jpg","63236","ok"
"","https://monirgroupbd.com/wp-content/uploads/2021/03/project-4.jpg","","","","860","715","/case/golder-sunflower/ | /case/organic-wheats/ | /case/fresh-wheat-food/ | /case/fresh-organic-vegetable/ | /case/golder-wheat/ | /case/organic-cow/ | /case/organic-grap/ | /case/fresh-chicken/","C","hold: identity and reuse rights unconfirmed","audit/media-originals/project-4.jpg","115360","ok"
"","https://monirgroupbd.com/wp-content/uploads/2021/03/project-4-768x639.jpg","","","","768","639","/case/golder-sunflower/ | /case/organic-wheats/ | /case/fresh-wheat-food/ | /case/fresh-organic-vegetable/ | /case/golder-wheat/ | /case/organic-cow/ | /case/organic-grap/ | /case/fresh-chicken/","C","hold: identity and reuse rights unconfirmed","audit/media-originals/project-4-768x639.jpg","145836","ok"
"","https://monirgroupbd.com/wp-content/uploads/2021/03/project-4-600x499.jpg","","","","600","499","/case/golder-sunflower/ | /case/organic-wheats/ | /case/fresh-wheat-food/ | /case/fresh-organic-vegetable/ | /case/golder-wheat/ | /case/organic-cow/ | /case/organic-grap/ | /case/fresh-chicken/","C","hold: identity and reuse rights unconfirmed","audit/media-originals/project-4-600x499.jpg","93301","ok"
"","https://monirgroupbd.com/wp-content/uploads/2021/10/monir-enterprise-logo-e1682656189175.webp","","","","287","288","/gva_template/new-header-layout/","A","brand/person candidate; owner approval required","audit/media-originals/monir-enterprise-logo-e1682656189175.webp","30116","ok"
"","https://gaviaspreview.com/wp/orgarium/wp-content/uploads/2021/10/image-app.png","","","","","","/gva_template/crowdfunding-archive-template/","C","exclude: external host","","",""
"","https://monirgroupbd.com/wp-content/uploads/2021/03/project-5-560x690.jpg","","","","560","690","/category-portfolio/fruits/ | /category-portfolio/vegetables/","C","hold: identity and reuse rights unconfirmed","audit/media-originals/project-5-560x690.jpg","83498","ok"
"","https://monirgroupbd.com/wp-content/uploads/2021/03/project-3-560x690.jpg","","","","560","690","/category-portfolio/sea-fish/ | /category-portfolio/vegetables/","C","hold: identity and reuse rights unconfirmed","audit/media-originals/project-3-560x690.jpg","72377","ok"
"","https://monirgroupbd.com/wp-content/plugins/elementor/assets/lib/eicons/fonts/eicons.woff2?5.23.0","","","","","","CSS: https://monirgroupbd.com/wp-content/litespeed/ucss/8529f6c65ac9a3e41ceb853a1da2daaa.css?ver=0932b","C","hold: identity and reuse rights unconfirmed","audit/media-originals/eicons.woff2","108152","ok"
"","https://monirgroupbd.com/wp-content/plugins/elementor/assets/lib/eicons/fonts/eicons.woff?5.23.0","","","","","","CSS: https://monirgroupbd.com/wp-content/litespeed/ucss/8529f6c65ac9a3e41ceb853a1da2daaa.css?ver=0932b","C","hold: identity and reuse rights unconfirmed","audit/media-originals/eicons.woff","133464","ok"
"","https://monirgroupbd.com/wp-content/plugins/elementor/assets/lib/eicons/fonts/eicons.svg?5.23.0#eicon","","","","","","CSS: https://monirgroupbd.com/wp-content/litespeed/ucss/8529f6c65ac9a3e41ceb853a1da2daaa.css?ver=0932b","C","hold: identity and reuse rights unconfirmed","audit/media-originals/eicons.svg","372813","ok"
"","https://monirgroupbd.com/wp-content/plugins/elementor/assets/lib/font-awesome/webfonts/fa-brands-400.woff2","","","","","","CSS: https://monirgroupbd.com/wp-content/litespeed/ucss/8529f6c65ac9a3e41ceb853a1da2daaa.css?ver=0932b","C","hold: identity and reuse rights unconfirmed","audit/media-originals/fa-brands-400.woff2","81612","ok"
"","https://monirgroupbd.com/wp-content/plugins/elementor/assets/lib/font-awesome/webfonts/fa-brands-400.woff","","","","","","CSS: https://monirgroupbd.com/wp-content/litespeed/ucss/8529f6c65ac9a3e41ceb853a1da2daaa.css?ver=0932b","C","hold: identity and reuse rights unconfirmed","audit/media-originals/fa-brands-400.woff","97804","ok"
"","https://monirgroupbd.com/wp-content/plugins/elementor/assets/lib/font-awesome/webfonts/fa-brands-400.svg#fontawesome","","","","","","CSS: https://monirgroupbd.com/wp-content/litespeed/ucss/8529f6c65ac9a3e41ceb853a1da2daaa.css?ver=0932b","C","hold: identity and reuse rights unconfirmed","audit/media-originals/fa-brands-400.svg","749223","ok"
"","https://monirgroupbd.com/wp-content/plugins/elementor/assets/lib/font-awesome/webfonts/fa-regular-400.woff2","","","","","","CSS: https://monirgroupbd.com/wp-content/litespeed/ucss/8529f6c65ac9a3e41ceb853a1da2daaa.css?ver=0932b","C","hold: identity and reuse rights unconfirmed","audit/media-originals/fa-regular-400.woff2","13276","ok"
"","https://monirgroupbd.com/wp-content/plugins/elementor/assets/lib/font-awesome/webfonts/fa-regular-400.woff","","","","","","CSS: https://monirgroupbd.com/wp-content/litespeed/ucss/8529f6c65ac9a3e41ceb853a1da2daaa.css?ver=0932b","C","hold: identity and reuse rights unconfirmed","audit/media-originals/fa-regular-400.woff","16276","ok"
"","https://monirgroupbd.com/wp-content/plugins/elementor/assets/lib/font-awesome/webfonts/fa-regular-400.svg#fontawesome","","","","","","CSS: https://monirgroupbd.com/wp-content/litespeed/ucss/8529f6c65ac9a3e41ceb853a1da2daaa.css?ver=0932b","C","hold: identity and reuse rights unconfirmed","audit/media-originals/fa-regular-400.svg","144714","ok"
"","https://monirgroupbd.com/wp-content/plugins/elementor/assets/lib/font-awesome/webfonts/fa-solid-900.woff2","","","","","","CSS: https://monirgroupbd.com/wp-content/litespeed/ucss/8529f6c65ac9a3e41ceb853a1da2daaa.css?ver=0932b","C","hold: identity and reuse rights unconfirmed","audit/media-originals/fa-solid-900.woff2","78196","ok"
"","https://monirgroupbd.com/wp-content/plugins/elementor/assets/lib/font-awesome/webfonts/fa-solid-900.woff","","","","","","CSS: https://monirgroupbd.com/wp-content/litespeed/ucss/8529f6c65ac9a3e41ceb853a1da2daaa.css?ver=0932b","C","hold: identity and reuse rights unconfirmed","audit/media-originals/fa-solid-900.woff","101652","ok"
"","https://monirgroupbd.com/wp-content/plugins/elementor/assets/lib/font-awesome/webfonts/fa-solid-900.svg#fontawesome","","","","","","CSS: https://monirgroupbd.com/wp-content/litespeed/ucss/8529f6c65ac9a3e41ceb853a1da2daaa.css?ver=0932b","C","hold: identity and reuse rights unconfirmed","audit/media-originals/fa-solid-900.svg","918991","ok"
"","https://mlshqte0xce9.i.optimole.com/w:auto/h:auto/q:mauto/f:best/https://monirgroupbd.com/wp-content/uploads/2022/04/shape-top.png","","","","","","CSS: https://monirgroupbd.com/wp-content/litespeed/ucss/8529f6c65ac9a3e41ceb853a1da2daaa.css?ver=0932b","C","exclude: external host","","",""
"","https://mlshqte0xce9.i.optimole.com/w:auto/h:auto/q:mauto/f:best/https://monirgroupbd.com/wp-content/uploads/2022/04/shape-bottom.png","","","","","","CSS: https://monirgroupbd.com/wp-content/litespeed/ucss/8529f6c65ac9a3e41ceb853a1da2daaa.css?ver=0932b","C","exclude: external host","","",""
"","https://mlshqte0xce9.i.optimole.com/w:auto/h:auto/q:mauto/f:best/https://monirgroupbd.com/wp-content/uploads/2023/04/slider-2-scaled.webp","","","","","","CSS: https://monirgroupbd.com/wp-content/litespeed/ucss/8529f6c65ac9a3e41ceb853a1da2daaa.css?ver=0932b","C","exclude: external host","","",""
"","https://monirgroupbd.com/wp-content/themes/orgarium/assets/css/fontawesome/webfonts/fa-brands-400.woff2","","","","","","CSS: https://monirgroupbd.com/wp-content/litespeed/ucss/8529f6c65ac9a3e41ceb853a1da2daaa.css?ver=0932b","C","hold: identity and reuse rights unconfirmed","audit/media-originals/fa-brands-400.woff2","105536","ok"
"","https://monirgroupbd.com/wp-content/themes/orgarium/assets/css/fontawesome/webfonts/fa-regular-400.woff2","","","","","","CSS: https://monirgroupbd.com/wp-content/litespeed/ucss/8529f6c65ac9a3e41ceb853a1da2daaa.css?ver=0932b","C","hold: identity and reuse rights unconfirmed","audit/media-originals/fa-regular-400.woff2","23940","ok"
"","https://monirgroupbd.com/wp-content/themes/orgarium/assets/css/fontawesome/webfonts/fa-solid-900.woff2","","","","","","CSS: https://monirgroupbd.com/wp-content/litespeed/ucss/8529f6c65ac9a3e41ceb853a1da2daaa.css?ver=0932b","C","hold: identity and reuse rights unconfirmed","audit/media-originals/fa-solid-900.woff2","154228","ok"
"","https://monirgroupbd.com/wp-content/themes/orgarium/assets/css/fontawesome/webfonts/fa-v4compatibility.woff2","","","","","","CSS: https://monirgroupbd.com/wp-content/litespeed/ucss/8529f6c65ac9a3e41ceb853a1da2daaa.css?ver=0932b","C","hold: identity and reuse rights unconfirmed","audit/media-originals/fa-v4compatibility.woff2","4960","ok"
"","https://monirgroupbd.com/wp-content/themes/orgarium/assets/css/line-awesome/fonts/la-brands-400.woff2","","","","","","CSS: https://monirgroupbd.com/wp-content/litespeed/ucss/8529f6c65ac9a3e41ceb853a1da2daaa.css?ver=0932b","C","hold: identity and reuse rights unconfirmed","audit/media-originals/la-brands-400.woff2","84772","ok"
"","https://monirgroupbd.com/wp-content/themes/orgarium/assets/css/line-awesome/fonts/la-brands-400.woff","","","","","","CSS: https://monirgroupbd.com/wp-content/litespeed/ucss/8529f6c65ac9a3e41ceb853a1da2daaa.css?ver=0932b","C","hold: identity and reuse rights unconfirmed","audit/media-originals/la-brands-400.woff","98673","ok"
"","https://monirgroupbd.com/wp-content/themes/orgarium/assets/css/line-awesome/fonts/la-brands-400.svg#lineawesome","","","","","","CSS: https://monirgroupbd.com/wp-content/litespeed/ucss/8529f6c65ac9a3e41ceb853a1da2daaa.css?ver=0932b","C","hold: identity and reuse rights unconfirmed","audit/media-originals/la-brands-400.svg","927335","ok"
"","https://monirgroupbd.com/wp-content/themes/orgarium/assets/css/line-awesome/fonts/la-regular-400.woff2","","","","","","CSS: https://monirgroupbd.com/wp-content/litespeed/ucss/8529f6c65ac9a3e41ceb853a1da2daaa.css?ver=0932b","C","hold: identity and reuse rights unconfirmed","audit/media-originals/la-regular-400.woff2","12900","ok"
"","https://monirgroupbd.com/wp-content/themes/orgarium/assets/css/line-awesome/fonts/la-regular-400.woff","","","","","","CSS: https://monirgroupbd.com/wp-content/litespeed/ucss/8529f6c65ac9a3e41ceb853a1da2daaa.css?ver=0932b","C","hold: identity and reuse rights unconfirmed","audit/media-originals/la-regular-400.woff","15489","ok"
"","https://monirgroupbd.com/wp-content/themes/orgarium/assets/css/line-awesome/fonts/la-regular-400.svg#lineawesome","","","","","","CSS: https://monirgroupbd.com/wp-content/litespeed/ucss/8529f6c65ac9a3e41ceb853a1da2daaa.css?ver=0932b","C","hold: identity and reuse rights unconfirmed","audit/media-originals/la-regular-400.svg","113535","ok"
"","https://monirgroupbd.com/wp-content/themes/orgarium/assets/css/line-awesome/fonts/la-solid-900.woff2","","","","","","CSS: https://monirgroupbd.com/wp-content/litespeed/ucss/8529f6c65ac9a3e41ceb853a1da2daaa.css?ver=0932b","C","hold: identity and reuse rights unconfirmed","audit/media-originals/la-solid-900.woff2","96752","ok"
"","https://monirgroupbd.com/wp-content/themes/orgarium/assets/css/line-awesome/fonts/la-solid-900.woff","","","","","","CSS: https://monirgroupbd.com/wp-content/litespeed/ucss/8529f6c65ac9a3e41ceb853a1da2daaa.css?ver=0932b","C","hold: identity and reuse rights unconfirmed","audit/media-originals/la-solid-900.woff","125421","ok"
"","https://monirgroupbd.com/wp-content/themes/orgarium/assets/css/line-awesome/fonts/la-solid-900.svg#lineawesome","","","","","","CSS: https://monirgroupbd.com/wp-content/litespeed/ucss/8529f6c65ac9a3e41ceb853a1da2daaa.css?ver=0932b","C","hold: identity and reuse rights unconfirmed","audit/media-originals/la-solid-900.svg","923151","ok"
"","https://monirgroupbd.com/wp-content/themes/orgarium/assets/fonts/reey/reey-regular.woff","","","","","","CSS: https://monirgroupbd.com/wp-content/litespeed/ucss/8529f6c65ac9a3e41ceb853a1da2daaa.css?ver=0932b","C","hold: identity and reuse rights unconfirmed","audit/media-originals/reey-regular.woff","80336","ok"
"","https://monirgroupbd.com/wp-content/themes/orgarium/assets/fonts/reey/reey-regular.svg","","","","","","CSS: https://monirgroupbd.com/wp-content/litespeed/ucss/8529f6c65ac9a3e41ceb853a1da2daaa.css?ver=0932b","C","hold: identity and reuse rights unconfirmed","audit/media-originals/reey-regular.svg","93076","ok"
"","https://monirgroupbd.com/wp-content/themes/orgarium/assets/images/preloader.gif","","","","48","48","CSS: https://monirgroupbd.com/wp-content/litespeed/ucss/8529f6c65ac9a3e41ceb853a1da2daaa.css?ver=0932b","C","hold: identity and reuse rights unconfirmed","audit/media-originals/preloader.gif","7989","ok"
"","https://monirgroupbd.com/wp-content/plugins/revslider/public/assets/fonts/font-awesome/fonts/fontawesome-webfont.woff2?v=4.7.0","","","","","","CSS: https://monirgroupbd.com/wp-content/litespeed/ucss/8529f6c65ac9a3e41ceb853a1da2daaa.css?ver=0932b","C","hold: identity and reuse rights unconfirmed","audit/media-originals/fontawesome-webfont.woff2","77160","ok"
"","https://monirgroupbd.com/wp-content/plugins/revslider/public/assets/fonts/font-awesome/fonts/fontawesome-webfont.woff?v=4.7.0","","","","","","CSS: https://monirgroupbd.com/wp-content/litespeed/ucss/8529f6c65ac9a3e41ceb853a1da2daaa.css?ver=0932b","C","hold: identity and reuse rights unconfirmed","audit/media-originals/fontawesome-webfont.woff","98024","ok"
"","https://monirgroupbd.com/wp-content/plugins/revslider/public/assets/fonts/font-awesome/fonts/fontawesome-webfont.svg?v=4.7.0#fontawesomeregular","","","","","","CSS: https://monirgroupbd.com/wp-content/litespeed/ucss/8529f6c65ac9a3e41ceb853a1da2daaa.css?ver=0932b","C","hold: identity and reuse rights unconfirmed","audit/media-originals/fontawesome-webfont.svg","444379","ok"
"","https://monirgroupbd.com/wp-content/plugins/revslider/public/assets/fonts/revicons/revicons.woff?5510888","","","","","","CSS: https://monirgroupbd.com/wp-content/litespeed/ucss/8529f6c65ac9a3e41ceb853a1da2daaa.css?ver=0932b","C","hold: identity and reuse rights unconfirmed","audit/media-originals/revicons.woff","7536","ok"
"","https://monirgroupbd.com/wp-content/plugins/revslider/public/assets/fonts/revicons/revicons.svg?5510888#revicons","","","","","","CSS: https://monirgroupbd.com/wp-content/litespeed/ucss/8529f6c65ac9a3e41ceb853a1da2daaa.css?ver=0932b","C","hold: identity and reuse rights unconfirmed","audit/media-originals/revicons.svg","13691","ok"
"","https://monirgroupbd.com/wp-content/plugins/orgarium-themer/assets/icons/flaticon.woff2","","","","","","CSS: https://monirgroupbd.com/wp-content/litespeed/ucss/8529f6c65ac9a3e41ceb853a1da2daaa.css?ver=0932b","C","hold: identity and reuse rights unconfirmed","audit/media-originals/flaticon.woff2","15280","ok"
"","https://monirgroupbd.com/wp-content/plugins/orgarium-themer/assets/icons/flaticon.woff","","","","","","CSS: https://monirgroupbd.com/wp-content/litespeed/ucss/8529f6c65ac9a3e41ceb853a1da2daaa.css?ver=0932b","C","hold: identity and reuse rights unconfirmed","audit/media-originals/flaticon.woff","18292","ok"
"","https://monirgroupbd.com/wp-content/plugins/orgarium-themer/assets/icons/flaticon.svg#flaticon","","","","","","CSS: https://monirgroupbd.com/wp-content/litespeed/ucss/8529f6c65ac9a3e41ceb853a1da2daaa.css?ver=0932b","C","hold: identity and reuse rights unconfirmed","audit/media-originals/flaticon.svg","166868","ok"
"","https://monirgroupbd.com/wp-content/plugins/orgarium-themer/assets/icons/flaticon-2.woff2","","","","","","CSS: https://monirgroupbd.com/wp-content/litespeed/ucss/8529f6c65ac9a3e41ceb853a1da2daaa.css?ver=0932b","C","hold: identity and reuse rights unconfirmed","audit/media-originals/flaticon-2.woff2","10632","ok"
"","https://monirgroupbd.com/wp-content/plugins/orgarium-themer/assets/icons/flaticon-2.woff","","","","","","CSS: https://monirgroupbd.com/wp-content/litespeed/ucss/8529f6c65ac9a3e41ceb853a1da2daaa.css?ver=0932b","C","hold: identity and reuse rights unconfirmed","audit/media-originals/flaticon-2.woff","12456","ok"
"","https://monirgroupbd.com/wp-content/plugins/orgarium-themer/assets/icons/flaticon-2.svg#flaticon","","","","","","CSS: https://monirgroupbd.com/wp-content/litespeed/ucss/8529f6c65ac9a3e41ceb853a1da2daaa.css?ver=0932b","C","hold: identity and reuse rights unconfirmed","audit/media-originals/flaticon-2.svg","217788","ok"
"","https://monirgroupbd.com/wp-content/plugins/elementor/assets/lib/eicons/fonts/eicons.woff2?5.54.0","","","","","","CSS: https://monirgroupbd.com/wp-content/litespeed/css/ae627b41bf7586a89a26eac63c895fcb.css?ver=0932b","C","hold: identity and reuse rights unconfirmed","audit/media-originals/eicons.woff2","108152","ok"
"","https://monirgroupbd.com/wp-content/plugins/elementor/assets/lib/eicons/fonts/eicons.woff?5.54.0","","","","","","CSS: https://monirgroupbd.com/wp-content/litespeed/css/ae627b41bf7586a89a26eac63c895fcb.css?ver=0932b","C","hold: identity and reuse rights unconfirmed","audit/media-originals/eicons.woff","133464","ok"
"","https://monirgroupbd.com/wp-content/plugins/elementor/assets/lib/eicons/fonts/eicons.svg?5.54.0#eicon","","","","","","CSS: https://monirgroupbd.com/wp-content/litespeed/css/ae627b41bf7586a89a26eac63c895fcb.css?ver=0932b","C","hold: identity and reuse rights unconfirmed","audit/media-originals/eicons.svg","372813","ok"
"","https://monirgroupbd.com/wp-content/themes/orgarium/assets/images/down-arrow.svg","","","","512","512","CSS: https://monirgroupbd.com/wp-content/litespeed/css/ae627b41bf7586a89a26eac63c895fcb.css?ver=0932b","C","hold: identity and reuse rights unconfirmed","audit/media-originals/down-arrow.svg","785","ok"
"","https://monirgroupbd.com/wp-content/themes/orgarium/assets/images/bg-header-builder.jpg","","","","1920","910","CSS: https://monirgroupbd.com/wp-content/litespeed/css/ae627b41bf7586a89a26eac63c895fcb.css?ver=0932b","C","hold: identity and reuse rights unconfirmed","audit/media-originals/bg-header-builder.jpg","185291","ok"
"","https://monirgroupbd.com/wp-content/themes/orgarium/assets/images/plus.png","","","","10","10","CSS: https://monirgroupbd.com/wp-content/litespeed/css/ae627b41bf7586a89a26eac63c895fcb.css?ver=0932b","C","hold: identity and reuse rights unconfirmed","audit/media-originals/plus.png","135","ok"
"","https://monirgroupbd.com/wp-content/themes/orgarium/assets/images/minium.png","","","","10","2","CSS: https://monirgroupbd.com/wp-content/litespeed/css/ae627b41bf7586a89a26eac63c895fcb.css?ver=0932b","C","hold: identity and reuse rights unconfirmed","audit/media-originals/minium.png","115","ok"
"","https://monirgroupbd.com/wp-content/themes/orgarium/assets/images/menu-line.png","","","","193","75","CSS: https://monirgroupbd.com/wp-content/litespeed/css/ae627b41bf7586a89a26eac63c895fcb.css?ver=0932b","C","hold: identity and reuse rights unconfirmed","audit/media-originals/menu-line.png","7015","ok"
"","https://monirgroupbd.com/wp-content/themes/orgarium/assets/images/line.png","","","","55","7","CSS: https://monirgroupbd.com/wp-content/litespeed/css/ae627b41bf7586a89a26eac63c895fcb.css?ver=0932b","C","hold: identity and reuse rights unconfirmed","audit/media-originals/line.png","468","ok"
"","https://monirgroupbd.com/wp-content/plugins/revslider/public/assets/assets/gridtile.png","","","","2","2","CSS: https://monirgroupbd.com/wp-content/litespeed/css/ae627b41bf7586a89a26eac63c895fcb.css?ver=0932b","C","hold: identity and reuse rights unconfirmed","audit/media-originals/gridtile.png","70","ok"
"","https://monirgroupbd.com/wp-content/plugins/revslider/public/assets/assets/gridtile_white.png","","","","2","2","CSS: https://monirgroupbd.com/wp-content/litespeed/css/ae627b41bf7586a89a26eac63c895fcb.css?ver=0932b","C","hold: identity and reuse rights unconfirmed","audit/media-originals/gridtile_white.png","70","ok"
"","https://monirgroupbd.com/wp-content/plugins/revslider/public/assets/assets/gridtile_3x3.png","","","","3","3","CSS: https://monirgroupbd.com/wp-content/litespeed/css/ae627b41bf7586a89a26eac63c895fcb.css?ver=0932b","C","hold: identity and reuse rights unconfirmed","audit/media-originals/gridtile_3x3.png","70","ok"
"","https://monirgroupbd.com/wp-content/plugins/revslider/public/assets/assets/gridtile_3x3_white.png","","","","3","3","CSS: https://monirgroupbd.com/wp-content/litespeed/css/ae627b41bf7586a89a26eac63c895fcb.css?ver=0932b","C","hold: identity and reuse rights unconfirmed","audit/media-originals/gridtile_3x3_white.png","71","ok"
"","https://monirgroupbd.com/wp-content/plugins/revslider/public/assets/assets/coloredbg.png","","","","5","5","CSS: https://monirgroupbd.com/wp-content/litespeed/css/ae627b41bf7586a89a26eac63c895fcb.css?ver=0932b","C","hold: identity and reuse rights unconfirmed","audit/media-originals/coloredbg.png","90","ok"
"","https://monirgroupbd.com/wp-content/plugins/revslider/public/assets/assets/loader.gif","","","","24","24","CSS: https://monirgroupbd.com/wp-content/litespeed/css/ae627b41bf7586a89a26eac63c895fcb.css?ver=0932b","C","hold: identity and reuse rights unconfirmed","audit/media-originals/loader.gif","2545","ok"
"","https://mlshqte0xce9.i.optimole.com/w:auto/h:auto/q:mauto/f:best/https://monirgroupbd.com/wp-content/uploads/2022/04/bg-2.jpg","","","","","","CSS: https://monirgroupbd.com/wp-content/litespeed/ucss/7251adcdbd4a10dd27cffb28e6739611.css?ver=0932b","C","exclude: external host","","",""
"","https://monirgroupbd.com/wp-content/plugins/elementor/assets/lib/eicons/fonts/eicons.woff2?5.25.0","","","","","","CSS: https://monirgroupbd.com/wp-content/litespeed/ucss/6092cf60fe8d6310aa9aa540e6d47d37.css?ver=0932b","C","hold: identity and reuse rights unconfirmed","audit/media-originals/eicons.woff2","108152","ok"
"","https://monirgroupbd.com/wp-content/plugins/elementor/assets/lib/eicons/fonts/eicons.woff?5.25.0","","","","","","CSS: https://monirgroupbd.com/wp-content/litespeed/ucss/6092cf60fe8d6310aa9aa540e6d47d37.css?ver=0932b","C","hold: identity and reuse rights unconfirmed","audit/media-originals/eicons.woff","133464","ok"
"","https://monirgroupbd.com/wp-content/plugins/elementor/assets/lib/eicons/fonts/eicons.svg?5.25.0#eicon","","","","","","CSS: https://monirgroupbd.com/wp-content/litespeed/ucss/6092cf60fe8d6310aa9aa540e6d47d37.css?ver=0932b","C","hold: identity and reuse rights unconfirmed","audit/media-originals/eicons.svg","372813","ok"
"","https://monirenterprise.com.bd/wp-content/uploads/2022/06/bg-6.jpg","","","","","","CSS: https://monirgroupbd.com/wp-content/litespeed/ucss/6092cf60fe8d6310aa9aa540e6d47d37.css?ver=0932b","C","exclude: external host","","",""
"","https://monirenterprise.com.bd/wp-content/uploads/2022/06/bg-5.jpg","","","","","","CSS: https://monirgroupbd.com/wp-content/litespeed/ucss/6092cf60fe8d6310aa9aa540e6d47d37.css?ver=0932b","C","exclude: external host","","",""
"","https://mlshqte0xce9.i.optimole.com/w:auto/h:auto/q:mauto/f:best/https://monirgroupbd.com/wp-content/uploads/2022/06/bg-11.jpg","","","","","","CSS: https://monirgroupbd.com/wp-content/litespeed/ucss/089c7f02fb5d69d98f46f0800d226174.css?ver=0932b","C","exclude: external host","","",""
"","https://monirenterprise.com.bd/wp-content/uploads/2022/01/bg-3.jpg","","","","","","CSS: https://monirgroupbd.com/wp-content/litespeed/ucss/cea47fff8bb4c206cac5bb584f9c60d0.css?ver=0932b","C","exclude: external host","","",""
"","https://monirenterprise.com.bd/wp-content/uploads/2022/04/bg-4.jpg","","","","","","CSS: https://monirgroupbd.com/wp-content/litespeed/ucss/cea47fff8bb4c206cac5bb584f9c60d0.css?ver=0932b","C","exclude: external host","","",""
"","https://mlshqte0xce9.i.optimole.com/w:auto/h:auto/q:mauto/f:best/https://monirgroupbd.com/wp-content/uploads/2022/07/bg-13.jpg","","","","","","CSS: https://monirgroupbd.com/wp-content/litespeed/ucss/43fb4c8e749dbbe1f7b85b8e6d69062e.css?ver=0932b","C","exclude: external host","","",""
"","https://mlshqte0xce9.i.optimole.com/w:auto/h:auto/q:mauto/f:best/https://monirgroupbd.com/wp-content/uploads/2021/03/project-7.jpg","","","","","","CSS: https://monirgroupbd.com/wp-content/litespeed/ucss/0cdab7ea7069f0a0f2b3e0ce6f0c3a42.css?ver=0932b","C","exclude: external host","","",""
"","https://mlshqte0xce9.i.optimole.com/w:auto/h:auto/q:mauto/f:best/https://monirgroupbd.com/wp-content/uploads/2020/12/post-3.jpg","","","","","","CSS: https://monirgroupbd.com/wp-content/litespeed/ucss/0cdab7ea7069f0a0f2b3e0ce6f0c3a42.css?ver=0932b","C","exclude: external host","","",""
"","https://monirenterprise.com.bd/wp-content/uploads/2021/12/bg-9.jpg","","","","","","CSS: https://monirgroupbd.com/wp-content/litespeed/ucss/6d9113fe6e4c78f99605804b855902f2.css?ver=0932b","C","exclude: external host","","",""
"","https://monirenterprise.com.bd/wp-content/uploads/2021/03/project-7.jpg","","","","","","CSS: https://monirgroupbd.com/wp-content/litespeed/ucss/6d9113fe6e4c78f99605804b855902f2.css?ver=0932b","C","exclude: external host","","",""
"","https://monirenterprise.com.bd/wp-content/uploads/2020/12/post-3.jpg","","","","","","CSS: https://monirgroupbd.com/wp-content/litespeed/ucss/6d9113fe6e4c78f99605804b855902f2.css?ver=0932b","C","exclude: external host","","",""
"","https://monirenterprise.com.bd/wp-content/uploads/2021/10/breadcrumb.jpg","","","","","","CSS: https://monirgroupbd.com/wp-content/litespeed/ucss/ada0b6a7ce4d814cc34f0d4cdc5b98a4.css?ver=0932b","C","exclude: external host","","",""